species_group,exporter,importer,declared_shipments
cacti_succulents,NL,CH,489088
cacti_succulents,NL,GB,271441
cacti_succulents,NL,NO,133934
cacti_succulents,NL,TR,44457
cacti_succulents,NL,AE,36957
cacti_succulents,NL,KW,27982
cacti_succulents,NL,UA,27653
cacti_succulents,TH,US,24684
cacti_succulents,NL,BA,23628
cacti_succulents,NL,RS,21646
cacti_succulents,NL,HK,13943
cacti_succulents,NL,KZ,9674
cacti_succulents,CN,JP,9222
cacti_succulents,NL,BY,8884
cacti_succulents,NL,SA,8600
cacti_succulents,NL,MD,8265
cacti_succulents,NL,ME,8166
cacti_succulents,NL,IQ,8080
cacti_succulents,NL,QA,7458
cacti_succulents,NL,JO,7084
cacti_succulents,US,CA,7070
cacti_succulents,DE,CH,6947
cacti_succulents,NL,LB,6895
cacti_succulents,TZ,NL,6529
cacti_succulents,NL,MK,5982
cacti_succulents,TH,JP,5575
cacti_succulents,NL,BH,5244
cacti_succulents,CN,NL,5053
cacti_succulents,CN,US,4852
cacti_succulents,DO,US,4795
cacti_succulents,NL,GH,4763
cacti_succulents,NL,OM,4735
cacti_succulents,NL,AL,4604
cacti_succulents,GT,US,4579
cacti_succulents,NL,MV,4545
cacti_succulents,NL,SR,4540
cacti_succulents,TH,SG,4006
cacti_succulents,CA,US,3617
cacti_succulents,DK,CH,3437
cacti_succulents,NL,BB,3427
cacti_succulents,NL,AW,3384
cacti_succulents,NL,IL,3041
cacti_succulents,TH,KR,2952
cacti_succulents,NL,CW,2882
cacti_succulents,NL,GE,2737
cacti_succulents,NL,MA,2677
cacti_succulents,CN,VN,2517
cacti_succulents,CN,KR,2306
cacti_succulents,CZ,JP,2278
cacti_succulents,IT,CH,2273
cacti_succulents,NL,KV,2118
cacti_succulents,NL,TN,1990
cacti_succulents,JP,CN,1942
cacti_succulents,JP,FR,1924
cacti_succulents,NL,SG,1682
cacti_succulents,NL,IS,1640
cacti_succulents,NL,TZ,1593
cacti_succulents,NL,BQ,1500
cacti_succulents,BE,CH,1427
cacti_succulents,KE,US,1426
sea_fan,ID,US,457381
sea_fan,AU,US,137147
sea_fan,ID,DE,54232
sea_fan,ID,JP,40137
sea_fan,ID,GB,40081
sea_fan,ID,FR,35894
sea_fan,FJ,US,35819
sea_fan,ID,HK,29220
sea_fan,AU,DE,28243
sea_fan,ID,CN,25235
sea_fan,TO,US,22955
sea_fan,ID,NL,22863
sea_fan,ID,CA,20479
sea_fan,AU,GB,18538
sea_fan,ID,KR,18528
sea_fan,ID,IT,18048
sea_fan,ID,PL,16870
sea_fan,ID,BR,13626
sea_fan,AU,JP,12781
sea_fan,AU,HK,12592
sea_fan,ID,SG,10535
sea_fan,AU,DK,10468
sea_fan,AU,NL,10224
sea_fan,AU,FR,9870
sea_fan,ID,CH,9523
sea_fan,AU,SG,9383
sea_fan,ID,ZA,8846
sea_fan,ID,TW,8801
sea_fan,AU,IT,7339
sea_fan,ID,RU,7237
sea_fan,ID,ES,6977
sea_fan,VN,US,6442
sea_fan,AU,CA,5888
sea_fan,AU,KR,5866
sea_fan,FJ,GB,5301
sea_fan,AU,BR,5008
sea_fan,ID,BE,4579
sea_fan,ID,TR,4564
sea_fan,US,MX,4322
sea_fan,ID,DK,3943
sea_fan,MH,US,3879
sea_fan,AU,ZA,3574
sea_fan,ID,IL,3519
sea_fan,AU,PL,3481
sea_fan,ID,AT,3282
sea_fan,FJ,TT,3278
sea_fan,AU,CH,3153
sea_fan,ID,AE,3136
sea_fan,AU,CN,2958
sea_fan,ID,NO,2784
sea_fan,SB,US,2754
sea_fan,ID,MX,2676
sea_fan,ID,MY,2525
sea_fan,ID,IR,2454
sea_fan,AU,IL,2313
sea_fan,ID,CZ,2219
sea_fan,FJ,FR,1980
sea_fan,AU,ES,1911
sea_fan,ID,SE,1902
sea_fan,AU,AE,1834
medicinal_plants,CA,CN,169341
medicinal_plants,CA,US,28963
medicinal_plants,CA,HK,27320
medicinal_plants,CA,TW,4206
medicinal_plants,CA,AU,3332
medicinal_plants,US,HK,2092
medicinal_plants,CA,VN,875
medicinal_plants,CA,SG,856
medicinal_plants,CA,MY,853
medicinal_plants,CA,GB,777
medicinal_plants,HK,SG,750
medicinal_plants,CN,US,695
medicinal_plants,VN,CN,665
medicinal_plants,CA,NZ,628
medicinal_plants,US,CN,528
medicinal_plants,CH,DE,446
medicinal_plants,CN,KR,402
medicinal_plants,CN,JP,392
medicinal_plants,CA,JP,386
medicinal_plants,HK,MY,338
medicinal_plants,CN,IN,317
medicinal_plants,HK,CA,313
medicinal_plants,NP,IN,291
medicinal_plants,CA,FR,268
medicinal_plants,SG,MY,263
medicinal_plants,CN,SG,245
medicinal_plants,CN,CA,239
medicinal_plants,FR,US,232
medicinal_plants,TH,HK,204
medicinal_plants,CH,AT,198
medicinal_plants,US,CA,198
medicinal_plants,US,TW,194
medicinal_plants,CN,VN,187
medicinal_plants,HK,US,176
medicinal_plants,CA,MO,164
medicinal_plants,CA,ID,155
medicinal_plants,CA,TH,147
medicinal_plants,RS,BA,147
medicinal_plants,CN,RU,134
medicinal_plants,CN,AU,131
medicinal_plants,CA,PA,125
medicinal_plants,CN,MY,121
medicinal_plants,CA,KR,118
medicinal_plants,CA,DE,106
medicinal_plants,US,SG,104
medicinal_plants,JP,KR,103
medicinal_plants,CN,ID,103
medicinal_plants,ES,US,102
medicinal_plants,FR,CH,102
medicinal_plants,CN,IT,94
medicinal_plants,CM,FR,94
medicinal_plants,ES,AU,92
medicinal_plants,IN,DE,92
medicinal_plants,DE,CH,87
medicinal_plants,HK,VN,87
medicinal_plants,CA,NL,85
medicinal_plants,TW,JP,81
medicinal_plants,CA,MX,80
medicinal_plants,CA,PH,78
medicinal_plants,US,VN,75
orchids,NL,GB,163387
orchids,NL,CH,139444
orchids,EC,DE,108765
orchids,NL,NO,64750
orchids,TW,JP,60095
orchids,SG,KR,29387
orchids,TH,US,26210
orchids,NL,TR,25815
orchids,CO,DE,24910
orchids,NL,UA,21529
orchids,EC,JP,19919
orchids,SG,JP,18128
orchids,CO,US,17356
orchids,TH,JP,15839
orchids,EC,US,15524
orchids,NL,AE,15384
orchids,SG,CN,14708
orchids,SG,HK,14084
orchids,PE,US,13993
orchids,TH,DE,12811
orchids,FR,SG,12413
orchids,TH,MV,11529
orchids,NL,KW,11427
orchids,NL,RS,11337
orchids,CN,VN,11272
orchids,PE,DE,11231
orchids,BR,DE,10657
orchids,FR,JP,10200
orchids,FR,CN,9524
orchids,FR,CH,8661
orchids,NL,BA,8544
orchids,NL,MD,8011
orchids,TW,US,7866
orchids,TH,SG,7622
orchids,TH,VN,7429
orchids,NL,LB,7154
orchids,SG,TW,7129
orchids,NL,KZ,7072
orchids,DE,CH,6416
orchids,FR,US,6337
orchids,TH,FR,6028
orchids,TH,IN,5913
orchids,BR,US,5753
orchids,NL,IL,5588
orchids,TW,KR,5461
orchids,NL,QA,5446
orchids,MY,SG,5381
orchids,EC,CH,5330
orchids,EC,CA,5257
orchids,MY,US,5198
orchids,TH,RU,5170
orchids,NL,BY,5133
orchids,NL,SR,5066
orchids,SG,AU,4910
orchids,SG,MO,4898
orchids,BR,JP,4882
orchids,TH,LK,4727
orchids,NL,JO,4716
orchids,TH,CA,4676
orchids,SG,MY,4632
pythons_reptiles,CH,FR,79837
pythons_reptiles,IT,US,66122
pythons_reptiles,FR,CN,55275
pythons_reptiles,FR,US,52172
pythons_reptiles,IT,CH,38877
pythons_reptiles,IT,CN,38241
pythons_reptiles,CH,US,31207
pythons_reptiles,FR,CH,26398
pythons_reptiles,FR,JP,26185
pythons_reptiles,IT,JP,22682
pythons_reptiles,FR,SG,21415
pythons_reptiles,IT,KR,17873
pythons_reptiles,SG,JP,17859
pythons_reptiles,IT,AE,17039
pythons_reptiles,FR,AE,16601
pythons_reptiles,FR,HK,16379
pythons_reptiles,TH,CN,15307
pythons_reptiles,SG,FR,15004
pythons_reptiles,KR,JP,12415
pythons_reptiles,VN,JP,12295
pythons_reptiles,FR,KR,11919
pythons_reptiles,IT,RU,11352
pythons_reptiles,CH,JP,10881
pythons_reptiles,CH,AE,9619
pythons_reptiles,IT,GB,9533
pythons_reptiles,CH,CN,7728
pythons_reptiles,FR,TR,7698
pythons_reptiles,IT,TR,7496
pythons_reptiles,TH,JP,7368
pythons_reptiles,ZA,US,6832
pythons_reptiles,SG,IT,6674
pythons_reptiles,FR,MO,6460
pythons_reptiles,IT,SG,6271
pythons_reptiles,ES,TR,6096
pythons_reptiles,CH,HK,6003
pythons_reptiles,IT,QA,5943
pythons_reptiles,FR,GB,5574
pythons_reptiles,ES,KR,5347
pythons_reptiles,SG,TH,4941
pythons_reptiles,SG,KR,4898
pythons_reptiles,FR,TH,4550
pythons_reptiles,MX,US,4448
pythons_reptiles,IT,MX,4442
pythons_reptiles,FR,AU,4335
pythons_reptiles,FR,QA,4019
pythons_reptiles,ES,MX,4015
pythons_reptiles,IT,MO,3973
pythons_reptiles,KR,VN,3749
pythons_reptiles,IT,SA,3659
pythons_reptiles,VN,CN,3614
pythons_reptiles,FR,TW,3489
pythons_reptiles,IT,AU,3455
pythons_reptiles,FR,RU,3301
pythons_reptiles,IT,UA,3177
pythons_reptiles,CN,JP,3102
pythons_reptiles,SG,AU,3068
pythons_reptiles,CH,GB,3036
pythons_reptiles,SG,HK,3033
pythons_reptiles,FR,XX,3000
pythons_reptiles,SG,CN,2972
primates,CA,US,61178
primates,DE,US,8990
primates,JP,US,7592
primates,US,CA,6506
primates,CN,US,5983
primates,FR,CH,4902
primates,DE,GB,3707
primates,DE,CH,3328
primates,CA,CH,3233
primates,MU,US,2403
primates,GB,US,2282
primates,US,GB,2247
primates,FR,US,1944
primates,US,DE,1866
primates,US,CH,1501
primates,CA,FR,1403
primates,CA,NL,1388
primates,CA,GB,1345
primates,GB,CH,1291
primates,CA,DE,1252
primates,GB,DE,1229
primates,KR,US,1148
primates,VN,US,1119
primates,MU,GB,1098
primates,ES,CH,1070
primates,US,JP,1055
primates,US,FR,986
primates,FR,GB,986
primates,JP,SG,979
primates,PH,US,924
primates,IT,CH,891
primates,CH,DE,848
primates,JP,KR,841
primates,DE,CA,806
primates,CA,JP,801
primates,US,CN,771
primates,DE,JP,731
primates,KH,US,709
primates,GB,DK,647
primates,US,KR,630
primates,US,NL,623
primates,CA,DK,620
primates,CA,BE,552
primates,US,IN,534
primates,MU,BE,528
primates,US,BE,481
primates,MU,FR,432
primates,GB,KR,422
primates,ES,US,391
primates,US,IT,384
primates,GB,FR,383
primates,CH,US,379
primates,GB,NL,364
primates,SG,US,358
primates,US,AU,356
primates,US,SG,353
primates,IT,US,345
primates,CN,KR,343
primates,MU,ES,326
primates,CA,IN,323
resins_gums,NL,CH,54923
resins_gums,NL,GB,19221
resins_gums,NL,NO,14576
resins_gums,NL,TR,3370
resins_gums,DO,US,3184
resins_gums,NL,AE,2553
resins_gums,NL,UA,2347
resins_gums,NL,KW,2048
resins_gums,NL,RS,2035
resins_gums,NL,IL,1861
resins_gums,NL,BA,1369
resins_gums,US,CA,1118
resins_gums,ZA,DE,1114
resins_gums,JP,HK,1106
resins_gums,ZA,US,1086
resins_gums,NL,HK,961
resins_gums,KE,US,885
resins_gums,DE,CH,881
resins_gums,NL,ME,880
resins_gums,CN,BE,861
resins_gums,GT,US,843
resins_gums,JP,KR,832
resins_gums,NL,SA,792
resins_gums,ZW,US,656
resins_gums,TR,NL,634
resins_gums,TH,JP,632
resins_gums,TR,DK,612
resins_gums,JP,TW,607
resins_gums,ZA,KR,580
resins_gums,CA,US,561
resins_gums,NL,KZ,558
resins_gums,NL,AW,556
resins_gums,NL,MV,534
resins_gums,JP,CN,531
resins_gums,NL,MK,523
resins_gums,CN,US,515
resins_gums,KR,CN,504
resins_gums,DK,CH,429
resins_gums,NL,BH,413
resins_gums,NL,LB,413
resins_gums,NL,IQ,409
resins_gums,NL,MD,408
resins_gums,NL,SR,396
resins_gums,NL,QA,393
resins_gums,NL,BY,361
resins_gums,NL,AL,355
resins_gums,JP,SG,347
resins_gums,ZA,GB,317
resins_gums,CZ,JP,311
resins_gums,KE,CA,285
resins_gums,TH,US,281
resins_gums,DE,KR,280
resins_gums,NL,BB,272
resins_gums,NL,CW,262
resins_gums,ZW,NL,255
resins_gums,NL,JO,254
resins_gums,TR,US,250
resins_gums,ZA,IT,249
resins_gums,KR,JP,247
resins_gums,TR,CA,241
rosewood,ID,CN,45863
rosewood,GH,CN,26063
rosewood,SL,CN,23887
rosewood,NG,CN,19088
rosewood,DE,CH,10730
rosewood,IN,DE,8854
rosewood,GM,CN,7529
rosewood,NL,CH,6536
rosewood,IN,GB,5313
rosewood,JP,US,4598
rosewood,GB,US,4410
rosewood,US,JP,4392
rosewood,NL,NO,4305
rosewood,DE,NO,4013
rosewood,JP,DE,3424
rosewood,CA,US,3356
rosewood,CN,US,3291
rosewood,US,CA,3094
rosewood,IN,FR,3030
rosewood,IN,US,2851
rosewood,US,NL,2839
rosewood,ID,US,2715
rosewood,FR,GB,2705
rosewood,VN,CN,2395
rosewood,JP,FR,2376
rosewood,US,GB,2359
rosewood,BJ,CN,2357
rosewood,DE,US,2304
rosewood,JP,CN,2277
rosewood,FR,CH,1956
rosewood,DE,JP,1837
rosewood,US,MX,1824
rosewood,IN,CN,1692
rosewood,JP,GB,1655
rosewood,LA,CN,1622
rosewood,CN,JP,1621
rosewood,ES,US,1579
rosewood,PA,CN,1561
rosewood,NI,CN,1499
rosewood,FR,US,1456
rosewood,FR,JP,1439
rosewood,US,FR,1416
rosewood,ID,JP,1357
rosewood,ML,CN,1312
rosewood,SE,NO,1306
rosewood,CN,DE,1278
rosewood,MX,US,1240
rosewood,US,AU,1234
rosewood,US,DE,1226
rosewood,NL,RU,1130
rosewood,US,HK,1077
rosewood,JP,RU,1036
rosewood,JP,KR,1025
rosewood,CN,NL,1003
rosewood,ES,JP,1002
rosewood,NL,US,1000
rosewood,ID,NL,995
rosewood,MZ,CN,956
rosewood,JP,HK,925
rosewood,GB,HK,921
carnivorous_plants,NL,GB,35580
carnivorous_plants,NL,CH,32144
carnivorous_plants,LK,US,6265
carnivorous_plants,LK,JP,4074
carnivorous_plants,NL,NO,3574
carnivorous_plants,DK,CH,3026
carnivorous_plants,US,CA,2878
carnivorous_plants,LK,HK,2704
carnivorous_plants,NL,HK,2480
carnivorous_plants,DE,CH,2219
carnivorous_plants,LK,GB,2147
carnivorous_plants,LK,TH,1823
carnivorous_plants,NL,TR,1412
carnivorous_plants,NL,UA,1402
carnivorous_plants,TH,JP,1345
carnivorous_plants,MY,JP,1252
carnivorous_plants,NL,IL,1250
carnivorous_plants,NL,AE,1154
carnivorous_plants,LK,CA,1114
carnivorous_plants,NL,RS,1033
carnivorous_plants,LK,SG,968
carnivorous_plants,NL,KW,890
carnivorous_plants,CZ,JP,867
carnivorous_plants,LK,AU,855
carnivorous_plants,NL,US,800
carnivorous_plants,TH,US,777
carnivorous_plants,CN,JP,681
carnivorous_plants,JP,US,672
carnivorous_plants,MY,US,568
carnivorous_plants,LK,KR,550
carnivorous_plants,JP,TW,548
carnivorous_plants,MY,SG,547
carnivorous_plants,US,AU,501
carnivorous_plants,NL,MX,474
carnivorous_plants,NL,KZ,453
carnivorous_plants,NL,BA,446
carnivorous_plants,NL,ZA,403
carnivorous_plants,TH,SG,374
carnivorous_plants,AU,JP,373
carnivorous_plants,DE,JP,373
carnivorous_plants,CN,US,370
carnivorous_plants,LK,DE,367
carnivorous_plants,LK,ID,350
carnivorous_plants,LK,ZA,336
carnivorous_plants,LK,NL,308
carnivorous_plants,BE,CH,302
carnivorous_plants,US,GB,294
carnivorous_plants,DK,NO,286
carnivorous_plants,LK,TW,273
carnivorous_plants,PH,JP,271
carnivorous_plants,NL,MD,270
carnivorous_plants,NL,QA,269
carnivorous_plants,NL,LB,264
carnivorous_plants,LK,MY,262
carnivorous_plants,AU,US,237
carnivorous_plants,CZ,US,229
carnivorous_plants,NL,SG,227
carnivorous_plants,NL,BY,225
carnivorous_plants,NL,JO,210
carnivorous_plants,DE,US,199
monitor_lizard,FR,US,32969
monitor_lizard,FR,CN,20822
monitor_lizard,FR,JP,15247
monitor_lizard,CH,FR,13310
monitor_lizard,IT,CN,12317
monitor_lizard,IT,US,12164
monitor_lizard,FR,AE,9121
monitor_lizard,FR,SG,8244
monitor_lizard,FR,KR,8095
monitor_lizard,FR,GB,7763
monitor_lizard,FR,HK,7621
monitor_lizard,FR,CH,7432
monitor_lizard,CH,US,7116
monitor_lizard,IT,JP,7031
monitor_lizard,IT,CH,6707
monitor_lizard,FR,MO,6084
monitor_lizard,MX,US,5845
monitor_lizard,IT,AE,4634
monitor_lizard,FR,AU,3740
monitor_lizard,KR,JP,3349
monitor_lizard,FR,TR,3341
monitor_lizard,FR,TW,3124
monitor_lizard,IT,GB,3104
monitor_lizard,FR,VN,2997
monitor_lizard,AT,CH,2895
monitor_lizard,FR,QA,2741
monitor_lizard,CH,JP,2693
monitor_lizard,IT,KR,2320
monitor_lizard,FR,CA,2009
monitor_lizard,FR,MY,1913
monitor_lizard,ID,SG,1824
monitor_lizard,CH,CN,1805
monitor_lizard,IT,AU,1746
monitor_lizard,SG,JP,1671
monitor_lizard,SG,ID,1622
monitor_lizard,IT,QA,1601
monitor_lizard,FR,ID,1583
monitor_lizard,IT,SG,1500
monitor_lizard,ID,US,1494
monitor_lizard,CH,AE,1424
monitor_lizard,FR,SA,1393
monitor_lizard,FR,MX,1372
monitor_lizard,FR,BR,1326
monitor_lizard,ID,IT,1321
monitor_lizard,IT,MX,1248
monitor_lizard,FR,KW,1167
monitor_lizard,FR,PH,1119
monitor_lizard,IT,TR,1032
monitor_lizard,IT,CA,1028
monitor_lizard,CH,HK,1027
monitor_lizard,IT,TW,1010
monitor_lizard,FR,RU,975
monitor_lizard,FR,MG,942
monitor_lizard,ID,JP,935
monitor_lizard,ES,US,923
monitor_lizard,NL,JP,921
monitor_lizard,AT,JP,919
monitor_lizard,ID,CN,910
monitor_lizard,CH,KR,893
monitor_lizard,IT,SA,840
agarwood,ID,SA,13670
agarwood,TH,SA,8717
agarwood,TH,KW,7562
agarwood,VN,SA,5476
agarwood,AE,SA,4820
agarwood,TH,AE,4659
agarwood,ID,SG,3993
agarwood,SG,AE,3706
agarwood,ID,AE,2310
agarwood,VN,AE,1832
agarwood,VN,KW,1830
agarwood,TH,OM,1686
agarwood,TH,SG,1680
agarwood,AE,KW,1586
agarwood,MY,SG,1565
agarwood,VN,CN,1565
agarwood,TH,QA,1563
agarwood,CH,FR,1422
agarwood,ID,TW,1222
agarwood,ID,KR,1197
agarwood,SA,AE,1127
agarwood,SA,KW,1078
agarwood,TH,BH,1065
agarwood,ID,KW,911
agarwood,ID,CN,832
agarwood,SG,SA,791
agarwood,BD,AE,786
agarwood,VN,TW,744
agarwood,SG,KW,739
agarwood,SA,OM,730
agarwood,TH,TW,729
agarwood,SG,TW,669
agarwood,FR,AE,658
agarwood,TH,IN,652
agarwood,ID,VN,584
agarwood,IN,AE,562
agarwood,SA,BH,553
agarwood,VN,OM,552
agarwood,SG,JP,546
agarwood,HK,JP,531
agarwood,SG,HK,526
agarwood,MY,VN,498
agarwood,IN,KW,479
agarwood,SG,QA,470
agarwood,ID,QA,451
agarwood,FR,US,438
agarwood,VN,QA,426
agarwood,AE,BH,408
agarwood,FR,CH,393
agarwood,TH,MY,348
agarwood,SG,CN,340
agarwood,IN,SA,319
agarwood,CH,AE,310
agarwood,VN,JP,303
agarwood,TH,CN,300
agarwood,SG,IN,293
agarwood,AE,ES,291
agarwood,SA,QA,260
agarwood,VN,BH,256
agarwood,ID,HK,241
owl,BE,JP,6502
owl,GB,JP,2321
owl,ES,JP,345
owl,NL,JP,287
owl,BE,AE,197
owl,BE,KW,138
owl,CA,US,137
owl,BE,TH,125
owl,DK,NO,121
owl,CA,CN,102
owl,BE,ML,98
owl,DE,CH,91
owl,AT,JP,83
owl,CH,DE,72
owl,NL,CN,64
owl,ES,KR,63
owl,NL,TH,61
owl,BE,BD,61
owl,ZA,NZ,57
owl,NL,US,56
owl,AU,US,55
owl,NL,KR,50
owl,AT,CH,49
owl,CH,AT,47
owl,GB,EG,45
owl,US,DK,45
owl,GB,KW,44
owl,NL,ID,43
owl,ZA,CA,42
owl,PE,US,40
owl,GB,CN,39
owl,ES,MX,38
owl,GB,AE,37
owl,NL,NZ,37
owl,BE,KR,37
owl,IT,US,36
owl,GB,KR,33
owl,PT,BD,32
owl,FR,CN,32
owl,FR,XV,31
owl,NL,QA,29
owl,US,CA,27
owl,ZA,US,24
owl,PT,US,24
owl,BR,US,23
owl,GB,US,22
owl,IT,CH,22
owl,FR,CH,22
owl,ZA,AU,22
owl,BE,QA,22
owl,TH,JP,22
owl,IL,US,20
owl,CH,FR,20
owl,PE,CA,18
owl,NL,SA,18
owl,AU,EE,18
owl,AR,ES,17
owl,GB,GG,17
owl,AE,JP,16
owl,US,AU,16
birds,ZA,AE,4718
birds,ZA,QA,3438
birds,ZA,LB,3265
birds,ZA,KW,2385
birds,ZA,OM,2314
birds,ZA,BD,1646
birds,ZA,IQ,1554
birds,ZA,PK,1233
birds,ZA,JO,981
birds,ZA,BR,968
birds,BE,TH,951
birds,ES,KR,907
birds,ZA,SA,858
birds,OM,BH,847
birds,GY,TH,829
birds,PT,BR,792
birds,PH,JP,744
birds,FR,BR,740
birds,ZA,ID,716
birds,LB,BH,647
birds,NL,KR,645
birds,SR,TH,590
birds,LB,OM,569
birds,CA,US,554
birds,NL,BD,540
birds,NL,TH,538
birds,BE,AE,533
birds,KW,AE,533
birds,NL,ID,517
birds,LB,KW,481
birds,AE,BH,437
birds,ZA,MV,418
birds,US,CA,404
birds,BE,JP,387
birds,CZ,GB,383
birds,CH,FR,373
birds,NL,AE,359
birds,KW,BH,359
birds,BE,BH,358
birds,AT,AE,354
birds,FR,CH,343
birds,BE,KW,327
birds,GY,CN,320
birds,ZA,BH,315
birds,FR,XV,278
birds,PT,BD,258
birds,SR,CN,249
birds,GY,SG,247
birds,SG,JP,240
birds,SG,TW,230
birds,SR,AE,230
birds,GY,BD,229
birds,ZA,GB,224
birds,CA,XV,224
birds,CY,BD,221
birds,ZA,TH,215
birds,CU,MX,213
birds,DE,CH,212
birds,BE,HK,199
birds,ZA,MY,198
shark_ray,LK,HK,3607
shark_ray,ID,HK,2323
shark_ray,HS,ES,2123
shark_ray,TH,US,1673
shark_ray,YE,HK,1544
shark_ray,SN,CN,1219
shark_ray,MX,HK,935
shark_ray,PE,HK,932
shark_ray,EC,PE,926
shark_ray,MX,US,844
shark_ray,MX,CN,839
shark_ray,ES,SG,837
shark_ray,TH,ID,768
shark_ray,TH,JP,764
shark_ray,SN,HK,687
shark_ray,TW,KR,592
shark_ray,TH,PH,544
shark_ray,NA,SG,527
shark_ray,OM,HK,506
shark_ray,TH,GB,493
shark_ray,TH,SG,468
shark_ray,MY,JP,446
shark_ray,HS,PT,431
shark_ray,CR,HK,420
shark_ray,AU,HK,393
shark_ray,PE,US,391
shark_ray,PT,BR,384
shark_ray,JP,CN,381
shark_ray,TH,CA,364
shark_ray,NA,ES,362
shark_ray,LK,GB,355
shark_ray,SG,CN,335
shark_ray,SV,HK,323
shark_ray,CO,US,319
shark_ray,ES,MA,299
shark_ray,BE,NO,286
shark_ray,SG,HK,285
shark_ray,TW,BR,279
shark_ray,CR,MX,268
shark_ray,AU,US,267
shark_ray,NI,HK,244
shark_ray,BE,US,230
shark_ray,TH,MX,224
shark_ray,JP,KR,221
shark_ray,PE,SG,220
shark_ray,PG,HK,220
shark_ray,BE,CH,220
shark_ray,CA,US,218
shark_ray,TH,KR,218
shark_ray,TH,HK,214
shark_ray,LK,SG,208
shark_ray,TH,RU,206
shark_ray,ES,CN,206
shark_ray,NA,KR,194
shark_ray,VN,US,191
shark_ray,TH,IR,178
shark_ray,NZ,AU,175
shark_ray,MY,CN,172
shark_ray,TH,CN,170
shark_ray,LK,US,163
eels,CN,JP,2991
eels,MA,KR,1429
eels,TN,KR,552
eels,EG,KR,354
eels,MA,US,351
eels,TN,EG,144
eels,TR,KR,142
eels,MA,GB,71
eels,AE,MV,65
eels,MA,HK,59
eels,MA,VN,55
eels,CN,KR,52
eels,CN,US,46
eels,EG,US,46
eels,CN,HK,29
eels,TN,RU,26
eels,CN,SG,24
eels,TN,US,23
eels,CN,CA,23
eels,CN,TH,20
eels,TR,KP,20
eels,EG,HK,20
eels,VN,CN,17
eels,DE,MV,14
eels,MX,US,11
eels,MA,MY,11
eels,DZ,TN,10
eels,MA,JP,10
eels,MA,CN,9
eels,AU,MV,9
eels,TN,JP,7
eels,XX,KR,7
eels,EG,RU,7
eels,GB,US,6
eels,MA,TH,5
eels,CN,AU,5
eels,MC,KR,5
eels,SG,MV,5
eels,CN,VN,4
eels,TR,XX,4
eels,TN,CN,4
eels,DZ,CN,4
eels,HK,KR,4
eels,JP,MV,4
eels,HS,DE,3
eels,IS,DK,3
eels,DZ,KR,3
eels,TR,JP,3
eels,KR,JP,3
eels,GB,RU,3
eels,CN,ID,3
eels,CY,GB,3
eels,TN,TH,2
eels,KR,XX,2
eels,MA,RU,2
eels,GB,JP,2
eels,TN,UA,2
eels,MA,DE,2
eels,DE,CH,2
eels,JP,GB,2
lion,ZA,US,2686
lion,ZA,ES,823
lion,ZA,HU,777
lion,ZA,MX,670
lion,ZA,PL,516
lion,ZA,CN,449
lion,ZA,CA,405
lion,ZA,DE,379
lion,ZA,DK,289
lion,ZA,RU,258
lion,ZA,RO,245
lion,ZW,US,240
lion,TZ,US,221
lion,ZA,VN,210
lion,ZA,AT,209
lion,ZA,SK,205
lion,ZA,GB,203
lion,ZA,CZ,188
lion,ZA,BR,180
lion,ZA,BE,175
lion,ZA,TH,164
lion,ZM,US,139
lion,MZ,ZA,128
lion,ZA,IT,124
lion,ZA,AE,120
lion,ZA,SE,109
lion,ZA,CH,108
lion,NA,US,95
lion,ZA,BG,93
lion,ZW,ZA,89
lion,ZA,LA,83
lion,ZA,FI,80
lion,ZA,AR,75
lion,ZA,FR,74
lion,ZA,SA,74
lion,CA,US,68
lion,ZA,NO,64
lion,BW,ZA,61
lion,ZA,ID,55
lion,ZA,PK,54
lion,TZ,ZA,48
lion,DE,XX,48
lion,ZW,MX,45
lion,ZA,AU,45
lion,ZM,ZA,45
lion,ZA,LT,44
lion,NA,DE,43
lion,AE,PH,43
lion,ZA,EE,43
lion,ZW,ES,42
lion,ZA,RS,41
lion,ZA,LV,39
lion,NL,ZA,38
lion,ZW,RU,38
lion,ZA,NA,37
lion,TZ,MX,36
lion,TZ,DE,34
lion,TZ,BE,34
lion,ZA,NZ,33
lion,ZA,KW,33
cycads,CR,NL,2197
cycads,US,CA,2068
cycads,ZA,JP,2064
cycads,HN,NL,1663
cycads,ZA,TH,1517
cycads,DO,US,1345
cycads,TH,JP,1240
cycads,CR,US,1052
cycads,ZA,US,471
cycads,ZA,DE,460
cycads,NL,UA,367
cycads,GT,NL,312
cycads,NL,KZ,243
cycads,CN,AE,231
cycads,DE,CH,217
cycads,NL,CH,216
cycads,NL,BY,193
cycads,NL,TR,184
cycads,HN,ES,176
cycads,CN,NL,160
cycads,CR,CA,158
cycads,CN,JO,157
cycads,AU,NZ,155
cycads,IT,CH,153
cycads,ZA,CN,153
cycads,ZA,NZ,150
cycads,AU,JP,138
cycads,CN,JP,136
cycads,AU,KR,123
cycads,CN,TR,119
cycads,TH,KR,111
cycads,HN,US,110
cycads,CR,ES,105
cycads,IL,NL,104
cycads,CN,KW,103
cycads,CR,DE,102
cycads,NL,NO,101
cycads,CN,ES,100
cycads,AU,DE,100
cycads,ZA,NA,99
cycads,ZA,IT,89
cycads,ZA,ES,87
cycads,CA,US,87
cycads,CN,US,82
cycads,NL,IQ,74
cycads,JP,CN,74
cycads,CN,QA,73
cycads,NL,BA,70
cycads,ZA,ID,70
cycads,NL,MD,68
cycads,NL,RS,68
cycads,GT,US,66
cycads,TH,TW,65
cycads,TH,SG,63
cycads,ZA,CZ,60
cycads,CN,KR,60
cycads,NL,TN,59
cycads,US,PA,57
cycads,AU,TH,55
cycads,JP,VN,55
bulbs_ornamental,NL,US,1922
bulbs_ornamental,NL,CH,1849
bulbs_ornamental,DE,RU,1714
bulbs_ornamental,TR,NL,1639
bulbs_ornamental,NL,GB,1133
bulbs_ornamental,DE,BY,781
bulbs_ornamental,DE,KZ,692
bulbs_ornamental,GB,US,431
bulbs_ornamental,DE,UZ,409
bulbs_ornamental,KR,JP,370
bulbs_ornamental,NL,JP,367
bulbs_ornamental,DK,CH,366
bulbs_ornamental,DE,CH,332
bulbs_ornamental,NL,CA,329
bulbs_ornamental,ID,TW,256
bulbs_ornamental,JP,KR,246
bulbs_ornamental,FR,US,245
bulbs_ornamental,NL,NO,242
bulbs_ornamental,JP,CN,230
bulbs_ornamental,JP,SG,186
bulbs_ornamental,DE,UA,175
bulbs_ornamental,FR,JP,164
bulbs_ornamental,JP,TW,127
bulbs_ornamental,DE,MD,117
bulbs_ornamental,GE,NL,104
bulbs_ornamental,JP,HK,96
bulbs_ornamental,KR,CN,87
bulbs_ornamental,NZ,FR,79
bulbs_ornamental,NZ,CN,76
bulbs_ornamental,JP,KP,69
bulbs_ornamental,CH,DE,68
bulbs_ornamental,DE,TM,64
bulbs_ornamental,CO,CH,61
bulbs_ornamental,IT,JP,55
bulbs_ornamental,FR,CA,53
bulbs_ornamental,FR,NZ,51
bulbs_ornamental,BE,CH,50
bulbs_ornamental,DK,NO,47
bulbs_ornamental,DE,KG,46
bulbs_ornamental,FR,TN,43
bulbs_ornamental,JP,AU,43
bulbs_ornamental,FR,HK,43
bulbs_ornamental,FR,GB,41
bulbs_ornamental,IT,AE,38
bulbs_ornamental,NL,KR,37
bulbs_ornamental,DE,GE,36
bulbs_ornamental,NZ,GB,36
bulbs_ornamental,GB,JP,36
bulbs_ornamental,FR,KR,36
bulbs_ornamental,IT,US,35
bulbs_ornamental,AU,NL,34
bulbs_ornamental,DE,US,34
bulbs_ornamental,FR,CH,34
bulbs_ornamental,PE,DE,34
bulbs_ornamental,DE,MN,32
bulbs_ornamental,GE,ES,32
bulbs_ornamental,ID,JP,32
bulbs_ornamental,JP,FR,32
bulbs_ornamental,PE,US,31
bulbs_ornamental,GB,CA,30
elephant,GB,HK,1662
elephant,ZW,US,1385
elephant,ZA,US,1369
elephant,ZW,CN,1366
elephant,MX,US,1070
elephant,ZW,ZA,940
elephant,ZW,MX,837
elephant,DE,JP,835
elephant,BE,HK,834
elephant,DE,CH,779
elephant,BW,ZA,729
elephant,NA,US,655
elephant,ZW,ES,576
elephant,ZW,DE,532
elephant,GB,CN,502
elephant,GB,US,469
elephant,FR,HK,411
elephant,ZW,RU,406
elephant,JE,GB,339
elephant,GB,CH,338
elephant,GB,RU,332
elephant,US,GB,331
elephant,ZW,IT,315
elephant,FR,CN,277
elephant,ZW,AT,276
elephant,PT,HK,262
elephant,CH,DE,259
elephant,ZW,HU,259
elephant,IT,JP,252
elephant,ES,HK,249
elephant,AR,FR,246
elephant,BW,US,244
elephant,FR,CH,234
elephant,ZA,GB,233
elephant,GB,JP,214
elephant,GB,SG,210
elephant,CH,GB,204
elephant,ZW,JP,185
elephant,CA,US,184
elephant,ZA,CN,181
elephant,ZW,FR,179
elephant,NA,DE,174
elephant,GB,CA,162
elephant,GB,AU,160
elephant,FR,JP,159
elephant,MZ,ZA,154
elephant,CH,FR,144
elephant,ZW,CA,142
elephant,AU,GB,141
elephant,ZA,MX,140
elephant,GB,MX,137
elephant,IT,CN,131
elephant,US,JP,129
elephant,NZ,AU,128
elephant,DE,US,127
elephant,DE,XX,124
elephant,ZW,PL,123
elephant,NA,ZA,123
elephant,ZA,FR,122
elephant,ZA,NA,122
leopard,ZW,US,1500
leopard,NA,US,1331
leopard,TZ,US,1009
leopard,ZA,US,762
leopard,ZM,US,548
leopard,MZ,ZA,483
leopard,NA,DE,283
leopard,MZ,US,225
leopard,ZW,ZA,197
leopard,TZ,FR,173
leopard,TZ,ZA,171
leopard,NA,ZA,167
leopard,NA,RU,139
leopard,BW,US,124
leopard,NA,AT,110
leopard,ZW,MX,107
leopard,TZ,MX,99
leopard,NA,FR,97
leopard,ZM,ZA,86
leopard,TZ,DE,83
leopard,ZW,ES,81
leopard,ZW,DE,80
leopard,ZA,RU,79
leopard,NA,HU,75
leopard,TZ,ES,74
leopard,BW,ZA,72
leopard,ZW,CA,70
leopard,NA,ES,69
leopard,NA,MX,69
leopard,ZA,CN,65
leopard,ZA,CA,58
leopard,ZW,RU,58
leopard,NA,CZ,56
leopard,TZ,RU,56
leopard,NA,CA,54
leopard,MZ,FR,49
leopard,ZM,MX,49
leopard,ZA,MX,48
leopard,NA,PL,45
leopard,NA,SK,42
leopard,ZA,FR,41
leopard,MZ,ES,40
leopard,NA,DK,39
leopard,ZA,DK,39
leopard,TZ,AT,39
leopard,ZW,PL,38
leopard,ZW,AT,38
leopard,ZW,HU,37
leopard,ZW,FR,37
leopard,TZ,CA,37
leopard,FR,RU,36
leopard,MZ,RU,33
leopard,ZA,ES,33
leopard,ZW,DK,32
leopard,TZ,HU,32
leopard,GB,US,30
leopard,NA,SE,29
leopard,AE,IN,29
leopard,ZA,SE,28
leopard,ZM,IT,27
tokay_gecko,ID,US,662
tokay_gecko,ID,CN,585
tokay_gecko,TH,CN,530
tokay_gecko,ID,JP,245
tokay_gecko,ID,KR,100
tokay_gecko,ID,HK,47
tokay_gecko,ID,CZ,42
tokay_gecko,TH,TW,36
tokay_gecko,TH,HK,34
tokay_gecko,ID,DE,33
tokay_gecko,ID,GB,26
tokay_gecko,HK,US,18
tokay_gecko,ID,FR,13
tokay_gecko,ID,CA,13
tokay_gecko,HU,JP,12
tokay_gecko,KR,JP,12
tokay_gecko,CZ,JP,10
tokay_gecko,DE,CH,10
tokay_gecko,TH,ID,9
tokay_gecko,HK,SG,8
tokay_gecko,CN,JP,8
tokay_gecko,TH,JP,8
tokay_gecko,ID,NL,7
tokay_gecko,ID,XX,7
tokay_gecko,ID,TW,6
tokay_gecko,ID,RU,4
tokay_gecko,DE,AE,4
tokay_gecko,ID,PA,4
tokay_gecko,CN,US,4
tokay_gecko,ID,IT,3
tokay_gecko,TH,US,3
tokay_gecko,TL,US,3
tokay_gecko,US,GT,3
tokay_gecko,HK,JP,3
tokay_gecko,CZ,GE,2
tokay_gecko,HK,KR,2
tokay_gecko,DE,TR,2
tokay_gecko,HK,CA,2
tokay_gecko,TW,US,2
tokay_gecko,ID,AE,2
tokay_gecko,KR,SG,2
tokay_gecko,CN,SG,2
tokay_gecko,PH,US,2
tokay_gecko,AE,IN,2
tokay_gecko,ID,PK,2
tokay_gecko,ID,LB,1
tokay_gecko,ID,TH,1
tokay_gecko,CN,ID,1
tokay_gecko,TH,CA,1
tokay_gecko,US,CA,1
tokay_gecko,DE,SA,1
tokay_gecko,MM,JP,1
tokay_gecko,CN,CA,1
tokay_gecko,ID,KZ,1
musk_deer,RU,HK,499
musk_deer,KR,JP,406
musk_deer,HK,KR,404
musk_deer,RU,KR,336
musk_deer,CN,SG,147
musk_deer,KR,HK,123
musk_deer,CN,MY,59
musk_deer,CN,TH,58
musk_deer,HK,JP,55
musk_deer,CN,ID,47
musk_deer,KR,US,28
musk_deer,RU,CN,28
musk_deer,CH,CA,12
musk_deer,HK,SG,10
musk_deer,CN,CA,8
musk_deer,RU,SI,7
musk_deer,HK,CA,6
musk_deer,HK,ID,6
musk_deer,RU,US,3
musk_deer,KG,KR,3
musk_deer,RU,KG,3
musk_deer,KR,RU,3
musk_deer,US,CA,2
musk_deer,HK,MY,2
musk_deer,DE,CH,2
musk_deer,FR,NZ,2
musk_deer,NC,NZ,2
musk_deer,CN,VN,2
musk_deer,XX,MY,2
musk_deer,RU,JP,2
musk_deer,NZ,NC,2
musk_deer,RU,CH,2
musk_deer,HK,US,1
musk_deer,HK,XV,1
musk_deer,US,KR,1
musk_deer,RU,FR,1
musk_deer,CN,MO,1
musk_deer,BY,HK,1
musk_deer,US,CH,1
musk_deer,RU,HR,1
musk_deer,RU,XX,1
musk_deer,SG,CN,1
musk_deer,KP,HK,1
musk_deer,VN,US,1
musk_deer,XX,CN,1
turtles,DE,TW,344
turtles,GB,ID,59
turtles,JO,JP,46
turtles,SI,US,45
turtles,DE,JP,36
turtles,HK,KR,33
turtles,IT,TW,27
turtles,CA,US,25
turtles,GB,TW,25
turtles,MM,US,18
turtles,JO,HK,18
turtles,JO,TW,17
turtles,HK,GB,17
turtles,HK,JP,16
turtles,MY,JP,15
turtles,CZ,US,12
turtles,CA,GB,11
turtles,DE,KR,10
turtles,IT,KR,10
turtles,SI,CN,10
turtles,BE,TW,10
turtles,HK,CA,9
turtles,LK,RU,9
turtles,US,HK,8
turtles,IT,JP,8
turtles,SG,SE,7
turtles,HK,PH,6
turtles,US,TW,6
turtles,NL,JP,6
turtles,TH,JP,6
turtles,KH,US,5
turtles,JO,KR,5
turtles,US,DE,5
turtles,UA,MX,4
turtles,LK,DE,4
turtles,US,IT,4
turtles,IT,US,4
turtles,JO,MY,4
turtles,DE,IL,4
turtles,CA,DE,4
turtles,IT,IL,4
turtles,SG,FR,4
turtles,FR,US,4
turtles,SI,TH,4
turtles,CZ,TW,4
turtles,ES,ID,4
turtles,GB,NL,4
turtles,DE,CH,3
turtles,BD,AT,3
turtles,HK,IL,3
turtles,SY,OM,3
turtles,MY,TW,3
turtles,GB,KR,3
turtles,LB,KR,3
turtles,BE,QA,2
turtles,AT,UY,2
turtles,US,MO,2
turtles,MY,US,2
turtles,XX,SG,2
turtles,KH,SG,2
cheetah,NA,DE,162
cheetah,NA,FR,158
cheetah,NA,RU,139
cheetah,NA,MX,132
cheetah,NA,ES,125
cheetah,NA,HU,121
cheetah,NA,AT,83
cheetah,NA,ZA,78
cheetah,ZA,AE,75
cheetah,NA,PL,74
cheetah,NA,CA,68
cheetah,NA,DK,52
cheetah,NA,CZ,46
cheetah,ZA,CN,45
cheetah,AE,IN,43
cheetah,NA,RO,33
cheetah,NA,SK,24
cheetah,ZA,ZM,24
cheetah,NA,SE,23
cheetah,ZA,MZ,23
cheetah,ZA,ES,21
cheetah,US,CA,20
cheetah,ZA,GB,19
cheetah,NA,BE,16
cheetah,NA,BG,15
cheetah,ZA,TH,15
cheetah,ZA,AU,15
cheetah,ZA,MW,15
cheetah,ZA,IN,15
cheetah,NA,LT,14
cheetah,NA,FI,13
cheetah,BJ,ZA,13
cheetah,ZA,RU,12
cheetah,ZA,ID,12
cheetah,ZA,CA,11
cheetah,NA,IT,10
cheetah,DE,CH,10
cheetah,FR,CH,10
cheetah,ZA,VN,10
cheetah,NA,EE,10
cheetah,ZA,DE,9
cheetah,ZA,JP,9
cheetah,IE,GB,9
cheetah,NA,AR,8
cheetah,NA,LV,8
cheetah,CA,US,8
cheetah,NA,US,7
cheetah,SY,UA,7
cheetah,NA,CH,7
cheetah,CA,TH,7
cheetah,GB,ZA,7
cheetah,ES,CH,6
cheetah,FR,RU,6
cheetah,NA,UA,6
cheetah,QA,BE,6
cheetah,CH,HU,6
cheetah,CZ,JP,6
cheetah,AU,ZA,6
cheetah,MX,IN,6
cheetah,DE,GB,6
tiger,MX,US,85
tiger,ZA,CN,67
tiger,ZA,AE,43
tiger,AE,IN,42
tiger,RU,XV,39
tiger,ZA,VN,36
tiger,ZA,IQ,31
tiger,MX,IN,27
tiger,CA,CN,25
tiger,ZA,TH,25
tiger,GB,US,24
tiger,NL,CN,22
tiger,DE,XX,21
tiger,CA,US,19
tiger,AE,PH,19
tiger,US,MX,18
tiger,US,DE,18
tiger,ZA,PK,17
tiger,GB,CA,17
tiger,RU,KZ,17
tiger,IT,DZ,16
tiger,DE,CH,15
tiger,TN,LY,14
tiger,NL,ZA,14
tiger,IT,SA,14
tiger,GB,AU,13
tiger,BE,QA,13
tiger,CN,CA,13
tiger,GB,BE,13
tiger,CH,DE,12
tiger,RU,BY,11
tiger,AE,PK,11
tiger,AE,IQ,11
tiger,AR,CL,10
tiger,RU,KR,10
tiger,AR,US,9
tiger,ZA,BD,9
tiger,XX,DZ,9
tiger,KG,KZ,9
tiger,MT,LY,9
tiger,ZA,ID,9
tiger,RU,LV,8
tiger,AM,AE,8
tiger,ZA,MY,8
tiger,UA,BY,8
tiger,CZ,VN,8
tiger,CA,TH,8
tiger,CZ,TR,8
tiger,AT,UA,8
tiger,AR,ZA,8
tiger,FR,CH,7
tiger,BE,VN,7
tiger,KZ,CN,7
tiger,ZA,RU,7
tiger,US,NL,7
tiger,UA,AM,7
tiger,ZA,CR,7
tiger,IE,GB,7
tiger,DE,BR,6
tiger,AU,GB,6
jackal,ET,US,82
jackal,TZ,US,70
jackal,RS,US,30
jackal,HR,US,22
jackal,GB,US,14
jackal,TZ,MX,11
jackal,TZ,ZA,7
jackal,ZA,US,6
jackal,ET,RU,6
jackal,TZ,HU,6
jackal,ET,MX,5
jackal,FR,US,5
jackal,TZ,ES,5
jackal,TD,US,4
jackal,RS,ES,3
jackal,PK,US,3
jackal,ET,DE,3
jackal,CM,US,3
jackal,RO,US,3
jackal,TZ,RU,3
jackal,ZA,NA,3
jackal,HU,RS,3
jackal,TZ,FR,3
jackal,ET,ZA,2
jackal,DE,CH,2
jackal,ZA,CN,2
jackal,RS,HR,2
jackal,HR,RS,2
jackal,RS,MK,2
jackal,RS,PL,2
jackal,TZ,DK,2
jackal,CM,DK,2
jackal,GE,US,2
jackal,ET,HU,2
jackal,TZ,BE,2
jackal,FR,CN,2
jackal,RS,BE,1
jackal,US,FR,1
jackal,BE,US,1
jackal,BG,US,1
jackal,HR,CA,1
jackal,NA,ZA,1
jackal,CH,DE,1
jackal,FR,XV,1
jackal,TZ,DE,1
jackal,RU,NA,1
jackal,CM,DE,1
jackal,ET,GE,1
jackal,ET,ES,1
jackal,ET,AU,1
jackal,LB,US,1
jackal,NG,NE,1
jackal,ET,CZ,1
jackal,TD,FR,1
jackal,ET,AT,1
jackal,GB,NL,1
jackal,DK,CN,1
jackal,XX,US,1
jackal,ZA,MA,1
jackal,TZ,NL,1
red_sanders,IN,CN,78
red_sanders,SG,CN,39
red_sanders,IN,SG,21
red_sanders,US,HK,7
red_sanders,GB,HK,7
red_sanders,PH,HK,6
red_sanders,CH,CN,2
red_sanders,IN,HK,2
red_sanders,GB,CH,2
red_sanders,MM,CN,2
red_sanders,DE,CN,2
red_sanders,IN,AE,2
red_sanders,SG,HK,1
red_sanders,LK,CN,1
red_sanders,GB,OM,1
red_sanders,LK,IN,1
red_sanders,OM,GB,1
red_sanders,IN,CH,1
red_sanders,GB,CN,1
red_sanders,GN,CH,1
red_sanders,PH,CA,1
pangolin,US,FR,40
pangolin,MY,HK,24
pangolin,TG,US,22
pangolin,CG,CZ,21
pangolin,BI,HK,16
pangolin,BE,US,13
pangolin,CI,DE,12
pangolin,PH,HK,12
pangolin,MX,US,11
pangolin,NG,US,11
pangolin,GA,US,9
pangolin,CM,US,9
pangolin,CG,CN,8
pangolin,GB,NL,8
pangolin,TH,GB,8
pangolin,MY,GB,8
pangolin,GA,GB,7
pangolin,CF,DE,6
pangolin,FR,US,6
pangolin,ZA,US,6
pangolin,CD,DE,6
pangolin,NL,CN,6
pangolin,DK,ZA,4
pangolin,CI,FR,4
pangolin,CF,ZA,4
pangolin,UG,CN,4
pangolin,ZA,MY,4
pangolin,DE,ZA,4
pangolin,CM,ES,4
pangolin,CF,US,4
pangolin,GB,US,3
pangolin,SG,US,3
pangolin,NG,CN,3
pangolin,GA,FR,3
pangolin,FR,ZA,3
pangolin,BJ,FR,3
pangolin,MZ,US,3
pangolin,CD,CN,2
pangolin,LR,US,2
pangolin,TG,JP,2
pangolin,SG,GB,2
pangolin,BW,ZA,2
pangolin,NL,KR,2
pangolin,SZ,ZA,2
pangolin,CZ,US,2
pangolin,FR,CH,2
pangolin,VN,US,2
pangolin,ZA,NA,2
pangolin,TG,CZ,1
pangolin,TW,DE,1
pangolin,HK,ZA,1
pangolin,UG,LA,1
pangolin,CN,KP,1
pangolin,GB,SG,1
pangolin,ZA,CD,1
pangolin,BJ,CZ,1
pangolin,BJ,GB,1
pangolin,NG,ZA,1
pangolin,DE,CI,1
pangolin,NL,ID,1
bear,AE,IN,27
bear,GB,US,26
bear,IQ,AE,23
bear,RU,US,21
bear,RU,KZ,14
bear,FR,US,11
bear,KH,GB,7
bear,RU,KR,7
bear,US,DE,7
bear,US,GB,6
bear,DE,US,6
bear,IN,CZ,4
bear,KH,AU,4
bear,KG,KZ,4
bear,ID,SA,4
bear,GB,AE,4
bear,US,IT,3
bear,NL,CN,3
bear,RU,DE,3
bear,RU,ZA,3
bear,RU,XV,3
bear,BT,SL,3
bear,KR,US,3
bear,UA,PL,3
bear,BT,SI,3
bear,SG,PH,3
bear,US,DK,3
bear,ID,IN,3
bear,RU,CN,2
bear,KZ,CN,2
bear,KZ,KG,2
bear,RU,KG,2
bear,KR,GB,2
bear,KH,FR,2
bear,TR,JO,2
bear,VN,GB,2
bear,FR,CA,2
bear,DE,CH,2
bear,CN,GB,2
bear,TH,SG,2
bear,IN,SG,2
bear,GB,GG,2
bear,ID,CY,2
bear,GB,JP,2
bear,BE,CA,2
bear,CZ,GB,2
bear,DE,GB,2
bear,BE,US,2
bear,JP,US,2
bear,SG,BG,2
bear,UA,DE,2
bear,FR,CH,2
bear,JP,GB,2
bear,RU,AM,2
bear,US,MX,2
bear,CH,US,2
bear,NL,CH,2
bear,GB,CN,2
bear,ZA,IN,2
bear,BE,GB,2
jaguar,AE,IN,22
jaguar,FR,BR,14
jaguar,ZA,IQ,12
jaguar,MX,US,9
jaguar,CA,US,8
jaguar,BZ,US,8
jaguar,MX,IN,8
jaguar,PY,AR,7
jaguar,BR,AR,7
jaguar,DK,PH,7
jaguar,ZA,IN,7
jaguar,AU,MX,6
jaguar,AE,PH,6
jaguar,CA,CH,6
jaguar,CH,FR,6
jaguar,CR,US,6
jaguar,RU,AE,6
jaguar,GB,ZA,5
jaguar,BR,US,5
jaguar,ZA,RU,5
jaguar,ZA,CN,5
jaguar,ZA,JP,5
jaguar,CR,IT,4
jaguar,AE,IQ,4
jaguar,ZA,VN,4
jaguar,ZA,AE,4
jaguar,KZ,AE,4
jaguar,ES,EG,3
jaguar,CA,MX,3
jaguar,AR,PY,3
jaguar,TH,MM,3
jaguar,RU,UA,3
jaguar,ZA,MY,3
jaguar,CR,ES,3
jaguar,KG,KZ,3
jaguar,RU,BY,3
jaguar,DK,KP,3
jaguar,CN,JP,3
jaguar,ID,VN,3
jaguar,UA,SY,3
jaguar,CH,CA,3
jaguar,BE,MA,3
jaguar,FR,CH,3
jaguar,AR,BR,3
jaguar,NL,IN,3
jaguar,MX,FR,3
jaguar,FR,MX,3
jaguar,EG,PK,2
jaguar,DK,KR,2
jaguar,NL,CN,2
jaguar,MX,EG,2
jaguar,MX,CA,2
jaguar,GE,RU,2
jaguar,AM,BH,2
jaguar,KZ,RU,2
jaguar,ID,SG,2
jaguar,AE,TH,2
jaguar,CA,RU,2
jaguar,FR,MC,2
jaguar,MX,GT,2
hornbill,PH,DE,21
hornbill,ID,CZ,20
hornbill,SG,DE,20
hornbill,GB,CN,20
hornbill,SB,OM,16
hornbill,GB,US,15
hornbill,GB,HK,12
hornbill,JE,GB,12
hornbill,SY,UA,10
hornbill,PH,GB,10
hornbill,ID,BD,9
hornbill,SG,PT,9
hornbill,BE,BD,9
hornbill,ID,GB,8
hornbill,PH,US,8
hornbill,SY,UZ,8
hornbill,OM,AE,7
hornbill,AE,IN,7
hornbill,PH,CZ,6
hornbill,US,NL,6
hornbill,PT,SG,6
hornbill,CZ,UA,6
hornbill,US,GB,6
hornbill,GB,SG,6
hornbill,US,DK,6
hornbill,SB,TR,5
hornbill,SB,CN,5
hornbill,SB,XV,5
hornbill,MY,AE,5
hornbill,SG,US,5
hornbill,SG,AT,4
hornbill,ID,FR,4
hornbill,BR,AT,4
hornbill,MY,CZ,4
hornbill,GB,TR,4
hornbill,NL,MY,4
hornbill,SB,TH,4
hornbill,DE,CH,4
hornbill,AE,CY,4
hornbill,UZ,UA,4
hornbill,BE,JP,4
hornbill,CA,SK,4
hornbill,US,SG,4
hornbill,CY,AE,4
hornbill,GB,DE,4
hornbill,US,DE,3
hornbill,CG,DE,3
hornbill,UZ,VN,3
hornbill,SG,CN,3
hornbill,PG,AU,3
hornbill,IL,PT,3
hornbill,SG,GB,3
hornbill,NL,US,3
hornbill,PL,SG,3
hornbill,JE,SG,3
hornbill,NL,CN,3
hornbill,PH,GR,2
hornbill,US,CZ,2
hornbill,CZ,US,2
hornbill,GA,DE,2
rhino,GB,HK,18
rhino,GB,ZA,15
rhino,AE,IN,9
rhino,DE,CH,8
rhino,GB,TR,5
rhino,CA,US,5
rhino,CH,FR,5
rhino,CH,HK,5
rhino,US,HK,5
rhino,AR,CH,5
rhino,AE,SG,5
rhino,NL,CH,4
rhino,US,DE,4
rhino,GB,DE,4
rhino,FR,MX,4
rhino,SG,HK,3
rhino,HK,SG,3
rhino,FR,SG,2
rhino,AU,VN,2
rhino,US,SE,2
rhino,CZ,CH,2
rhino,FR,XV,2
rhino,IN,VN,2
rhino,CH,ES,2
rhino,CH,GB,2
rhino,FR,BR,2
rhino,BE,PE,2
rhino,GB,BE,2
rhino,FR,CH,1
rhino,DE,JP,1
rhino,CA,HK,1
rhino,JP,DE,1
rhino,NP,CN,1
rhino,XX,CN,1
rhino,FR,AE,1
rhino,AE,FR,1
rhino,AU,MY,1
rhino,AE,RU,1
rhino,GB,FR,1
abalone,ZA,DE,14
abalone,ZA,NL,12
abalone,ZA,GR,3
abalone,PH,NL,3
abalone,US,DE,2
abalone,PH,ES,2
abalone,PH,GR,1
abalone,ZA,AT,1
abalone,PH,PL,1
abalone,ID,NL,1
abalone,VN,NL,1
abalone,XX,PT,1
abalone,ZA,IT,1
abalone,PH,DE,1
abalone,NA,DE,1
sand_boa,CA,US,3
sand_boa,US,CA,1
totoaba,MX,US,2
