source,target,type,weight,first,last
case:ca0ec9727950,species:eels,involves,1,2026-09-22,2026-09-22
outlet:actu.fr,case:ca0ec9727950,reported,1,2026-09-22,2026-09-22
outlet:actu.fr,case:89deb6940e75,reported,1,2026-09-11,2026-09-11
case:8a20d9c303ae,species:birds,involves,1,2026-09-22,2026-09-22
case:8a20d9c303ae,location:peru,occurred_at,1,2026-09-22,2026-09-22
outlet:mix_vale,case:8a20d9c303ae,reported,1,2026-09-22,2026-09-22
case:acf76a2149d7,species:rhino,involves,1,2026-09-21,2026-09-21
case:acf76a2149d7,location:biswanath,occurred_at,1,2026-09-21,2026-09-21
location:biswanath,location:assam,within,1,2026-09-21,2026-09-21
agency:police,case:acf76a2149d7,acted_in,1,2026-09-21,2026-09-21
agency:police,case:123c3466bfdd,acted_in,1,2026-09-17,2026-09-17
agency:police,case:a687444fdb7b,acted_in,1,2026-09-09,2026-09-09
agency:police,case:957aeb976ad1,acted_in,1,2026-09-08,2026-09-08
agency:police,case:c69b0c6e888d,acted_in,1,2026-08-31,2026-08-31
agency:police,case:694398508595,acted_in,1,2026-08-28,2026-08-28
agency:police,case:4d5d173efcb5,acted_in,1,2026-08-14,2026-08-14
agency:police,case:e2a9c82ac5fd,acted_in,1,2026-07-20,2026-07-20
outlet:g_plus_news,case:acf76a2149d7,reported,1,2026-09-21,2026-09-21
outlet:g_plus_news,case:d7b57a4b4a74,reported,1,2026-09-20,2026-09-20
outlet:the_assam_tribune,case:acf76a2149d7,reported,1,2026-09-21,2026-09-21
outlet:newslivetv.com,case:acf76a2149d7,reported,1,2026-09-21,2026-09-21
outlet:pratidin_time,case:acf76a2149d7,reported,1,2026-09-21,2026-09-21
outlet:pratidin_time,case:d7b57a4b4a74,reported,1,2026-09-20,2026-09-20
outlet:sentinelassam.com,case:acf76a2149d7,reported,1,2026-09-21,2026-09-21
outlet:sentinelassam.com,case:b7444bd4a007,reported,1,2026-06-30,2026-06-30
"outlet:the_sentinel_-_of_this_land,_for_its_people",case:acf76a2149d7,reported,2,2026-09-21,2026-09-21
case:258ece6e1381,species:monitor_lizard,involves,1,2026-09-21,2026-09-21
case:258ece6e1381,location:pune,occurred_at,1,2026-09-21,2026-09-21
location:pune,location:maharashtra,within,1,2026-09-21,2026-09-21
outlet:the_indian_express,case:258ece6e1381,reported,1,2026-09-21,2026-09-21
outlet:the_indian_express,case:957aeb976ad1,reported,1,2026-09-08,2026-09-08
case:7f72eb9db098,species:abalone,involves,1,2026-09-21,2026-09-21
outlet:the_inertia,case:7f72eb9db098,reported,1,2026-09-21,2026-09-21
case:dedd4e6f362f,species:elephant,involves,1,2026-09-21,2026-09-21
case:dedd4e6f362f,location:gabon,occurred_at,1,2026-09-21,2026-09-21
outlet:direct_infos_gabon,case:dedd4e6f362f,reported,1,2026-09-21,2026-09-21
case:dfa0386d4056,species:elephant,involves,1,2026-09-21,2026-09-21
case:dfa0386d4056,commodity:elephant-kg,seized,1,2026-09-21,2026-09-21
outlet:mznews.co.mz,case:dfa0386d4056,reported,1,2026-09-21,2026-09-21
case:d7b57a4b4a74,species:tokay_gecko,involves,1,2026-09-20,2026-09-20
case:d7b57a4b4a74,location:golaghat,occurred_at,1,2026-09-20,2026-09-20
case:d7b57a4b4a74,commodity:tokay_gecko-geckos,seized,1,2026-09-20,2026-09-20
location:golaghat,location:assam,within,1,2026-09-20,2026-09-20
outlet:timesofindia.indiatimes.com,case:d7b57a4b4a74,reported,1,2026-09-20,2026-09-20
outlet:timesofindia.indiatimes.com,case:e4390ffa6eca,reported,1,2026-09-09,2026-09-09
outlet:timesofindia.indiatimes.com,case:701a4c78d8e9,reported,1,2026-09-08,2026-09-08
outlet:timesofindia.indiatimes.com,case:faee9c7e7ec3,reported,1,2026-08-21,2026-08-21
outlet:india_today_ne,case:d7b57a4b4a74,reported,2,2026-09-20,2026-09-20
outlet:india_today_ne,case:701a4c78d8e9,reported,1,2026-09-08,2026-09-08
outlet:india_today_ne,case:b996481570b9,reported,1,2026-09-05,2026-09-05
outlet:hub_news,case:d7b57a4b4a74,reported,1,2026-09-20,2026-09-20
outlet:hub_news,case:701a4c78d8e9,reported,1,2026-09-08,2026-09-08
outlet:the_times_of_india,case:d7b57a4b4a74,reported,2,2026-09-20,2026-09-20
outlet:the_times_of_india,case:c942be9e44ec,reported,2,2026-09-13,2026-09-13
outlet:the_times_of_india,case:e4390ffa6eca,reported,1,2026-09-09,2026-09-09
outlet:the_times_of_india,case:701a4c78d8e9,reported,2,2026-09-08,2026-09-08
outlet:the_times_of_india,case:957aeb976ad1,reported,6,2026-09-08,2026-09-08
outlet:the_times_of_india,case:e4e22dbe4be1,reported,1,2026-09-08,2026-09-08
outlet:the_times_of_india,case:b996481570b9,reported,1,2026-09-05,2026-09-05
outlet:the_times_of_india,case:52fd05f92132,reported,1,2026-09-05,2026-09-05
outlet:the_times_of_india,case:72f9ebe1dce2,reported,1,2026-09-04,2026-09-04
outlet:the_times_of_india,case:cd474874ff08,reported,1,2026-09-01,2026-09-01
outlet:the_times_of_india,case:8349ac620b23,reported,1,2026-08-28,2026-08-28
outlet:the_times_of_india,case:8af70a535b32,reported,1,2026-08-27,2026-08-27
outlet:the_times_of_india,case:ff4d629d2103,reported,1,2026-08-27,2026-08-27
outlet:the_times_of_india,case:5641330d79f7,reported,1,2026-08-24,2026-08-24
outlet:nagaland_post,case:d7b57a4b4a74,reported,1,2026-09-20,2026-09-20
outlet:mid-day,case:d7b57a4b4a74,reported,1,2026-09-20,2026-09-20
case:2ac1f7cdaaa2,species:birds,involves,1,2026-09-20,2026-09-20
case:2ac1f7cdaaa2,location:alto_alegre,occurred_at,1,2026-09-20,2026-09-20
location:alto_alegre,location:roraima,within,1,2026-09-20,2026-09-20
outlet:extraderondonia.com.br,case:2ac1f7cdaaa2,reported,1,2026-09-20,2026-09-20
case:20fa6c4ba6dd,species:elephant,involves,1,2026-09-19,2026-09-19
case:20fa6c4ba6dd,location:odisha,occurred_at,1,2026-09-19,2026-09-19
agency:forest_department,case:20fa6c4ba6dd,acted_in,1,2026-09-19,2026-09-19
agency:forest_department,case:72f9ebe1dce2,acted_in,1,2026-09-04,2026-09-04
agency:forest_department,case:a6d2d60bf053,acted_in,1,2026-07-28,2026-07-28
agency:forest_department,case:b7444bd4a007,acted_in,1,2026-06-30,2026-06-30
outlet:odisha_tv,case:20fa6c4ba6dd,reported,1,2026-09-19,2026-09-19
outlet:odisha_tv,case:957aeb976ad1,reported,5,2026-09-08,2026-09-08
outlet:odisha_tv,case:d36338c0ca13,reported,1,2026-09-08,2026-09-08
case:9d1a5e85b3ce,species:elephant,involves,1,2026-09-19,2026-09-19
case:9d1a5e85b3ce,location:bouaflé,occurred_at,1,2026-09-19,2026-09-19
location:bouaflé,location:sassandra-marahoue,within,1,2026-09-19,2026-09-19
outlet:agence_ivoirienne_de_presse_(aip),case:9d1a5e85b3ce,reported,1,2026-09-19,2026-09-19
outlet:agence_ivoirienne_de_presse_(aip),case:f85eb2a6adc5,reported,1,2026-09-12,2026-09-12
outlet:agence_ivoirienne_de_presse_(aip),case:d686eada9f2c,reported,1,2026-09-10,2026-09-10
outlet:agence_ivoirienne_de_presse_(aip),case:99158f51e74b,reported,1,2026-09-03,2026-09-03
outlet:agence_ivoirienne_de_presse_(aip),case:6d17e8762fe9,reported,1,2026-08-25,2026-08-25
case:7e54199f79d9,species:birds,involves,1,2026-09-19,2026-09-19
case:7e54199f79d9,location:florianópolis,occurred_at,1,2026-09-19,2026-09-19
location:florianópolis,location:santa_catarina,within,1,2026-09-19,2026-09-19
outlet:sctododia,case:7e54199f79d9,reported,1,2026-09-19,2026-09-19
case:a092eb1a99df,species:turtles,involves,1,2026-09-19,2026-09-19
case:a092eb1a99df,location:chihuahua,occurred_at,1,2026-09-19,2026-09-19
outlet:el_congresista,case:a092eb1a99df,reported,1,2026-09-19,2026-09-19
case:4a88229921e8,species:turtles,involves,1,2026-09-18,2026-09-18
case:4a88229921e8,location:surat,occurred_at,1,2026-09-18,2026-09-18
case:4a88229921e8,commodity:turtles-tortoises,seized,1,2026-09-18,2026-09-18
location:surat,location:gujarat,within,1,2026-09-18,2026-09-18
outlet:the_new_indian_express,case:4a88229921e8,reported,2,2026-09-18,2026-09-18
outlet:the_new_indian_express,case:677f09516d1e,reported,1,2026-09-10,2026-09-10
outlet:the_new_indian_express,case:957aeb976ad1,reported,1,2026-09-08,2026-09-08
outlet:the_new_indian_express,case:d36338c0ca13,reported,1,2026-09-08,2026-09-08
outlet:the_new_indian_express,case:0097982baf54,reported,1,2026-08-28,2026-08-28
case:20dd00e2cd3d,species:primates,involves,1,2026-09-18,2026-09-18
case:20dd00e2cd3d,location:india,occurred_at,1,2026-09-18,2026-09-18
outlet:easterneye,case:20dd00e2cd3d,reported,1,2026-09-18,2026-09-18
case:48ca994d01e7,species:turtles,involves,1,2026-09-18,2026-09-18
outlet:tupãcity,case:48ca994d01e7,reported,1,2026-09-18,2026-09-18
case:34b0e9231bf3,species:birds,involves,1,2026-09-18,2026-09-18
outlet:repórter_beto_ribeiro,case:34b0e9231bf3,reported,1,2026-09-18,2026-09-18
outlet:repórter_beto_ribeiro,case:f1fd10087674,reported,1,2026-09-13,2026-09-13
outlet:repórter_beto_ribeiro,case:e32f00890986,reported,4,2026-08-25,2026-08-25
case:7f922769cd16,species:turtles,involves,1,2026-09-17,2026-09-17
case:7f922769cd16,location:ahmedabad,occurred_at,1,2026-09-17,2026-09-17
location:ahmedabad,location:gujarat,within,1,2026-09-17,2026-09-17
outlet:ahmedabadmirror.com,case:7f922769cd16,reported,1,2026-09-17,2026-09-17
case:f02ca5813399,species:turtles,involves,1,2026-09-17,2026-09-17
case:f02ca5813399,location:odisha,occurred_at,1,2026-09-17,2026-09-17
outlet:jagran.com,case:f02ca5813399,reported,1,2026-09-17,2026-09-17
outlet:jagran.com,case:e2ae0defe434,reported,1,2026-09-15,2026-09-15
outlet:jagran.com,case:a453459d8c02,reported,1,2026-09-12,2026-09-12
outlet:jagran.com,case:c69b0c6e888d,reported,1,2026-08-31,2026-08-31
case:123c3466bfdd,species:rosewood,involves,1,2026-09-17,2026-09-17
case:123c3466bfdd,location:abuja,occurred_at,1,2026-09-17,2026-09-17
case:123c3466bfdd,commodity:rosewood-tonne,seized,1,2026-09-17,2026-09-17
location:abuja,location:fct,within,1,2026-09-17,2026-09-17
agency:interpol,case:123c3466bfdd,acted_in,1,2026-09-17,2026-09-17
outlet:vanguard_news,case:123c3466bfdd,reported,1,2026-09-17,2026-09-17
outlet:wansom_ai,case:123c3466bfdd,reported,1,2026-09-17,2026-09-17
outlet:wansom_ai,case:f568f8352fa5,reported,1,2026-09-07,2026-09-07
outlet:wansom_ai,case:6c2dcbfa575d,reported,1,2026-09-03,2026-09-03
outlet:wansom_ai,case:90de4de096d3,reported,1,2026-09-01,2026-09-01
outlet:thecable,case:123c3466bfdd,reported,1,2026-09-17,2026-09-17
outlet:ait_live,case:123c3466bfdd,reported,1,2026-09-17,2026-09-17
outlet:tvc_news,case:123c3466bfdd,reported,1,2026-09-17,2026-09-17
outlet:sahara_reporters,case:123c3466bfdd,reported,1,2026-09-17,2026-09-17
outlet:nairametrics,case:123c3466bfdd,reported,1,2026-09-17,2026-09-17
outlet:national_accord_newspaper,case:123c3466bfdd,reported,1,2026-09-17,2026-09-17
outlet:ua.news,case:123c3466bfdd,reported,1,2026-09-17,2026-09-17
outlet:thefact.ng,case:123c3466bfdd,reported,1,2026-09-17,2026-09-17
outlet:thisdaylive,case:123c3466bfdd,reported,1,2026-09-17,2026-09-17
outlet:premium_times_nigeria,case:123c3466bfdd,reported,1,2026-09-17,2026-09-17
outlet:thestreetjournal.org,case:123c3466bfdd,reported,1,2026-09-17,2026-09-17
outlet:thestar.ng,case:123c3466bfdd,reported,1,2026-09-17,2026-09-17
outlet:tori_news,case:123c3466bfdd,reported,1,2026-09-17,2026-09-17
outlet:the_china-global_south_project,case:123c3466bfdd,reported,1,2026-09-17,2026-09-17
case:83b377a8135b,species:birds,involves,1,2026-09-17,2026-09-17
case:83b377a8135b,location:paulo_afonso,occurred_at,1,2026-09-17,2026-09-17
location:paulo_afonso,location:bahia,within,1,2026-09-17,2026-09-17
outlet:www.gov.br,case:83b377a8135b,reported,1,2026-09-17,2026-09-17
outlet:bahia.ba,case:83b377a8135b,reported,1,2026-09-17,2026-09-17
outlet:folha_do_estado_da_bahia,case:83b377a8135b,reported,1,2026-09-17,2026-09-17
outlet:se_liga_chapada,case:83b377a8135b,reported,1,2026-09-17,2026-09-17
case:0b7bdd8b980f,species:birds,involves,1,2026-09-17,2026-09-17
outlet:correio_braziliense,case:0b7bdd8b980f,reported,1,2026-09-17,2026-09-17
case:b0b0a19c8179,species:birds,involves,1,2026-09-17,2026-09-17
case:b0b0a19c8179,location:são_lourenço_da_mata,occurred_at,1,2026-09-17,2026-09-17
location:são_lourenço_da_mata,location:pernambuco,within,1,2026-09-17,2026-09-17
outlet:portal_de_prefeitura,case:b0b0a19c8179,reported,1,2026-09-17,2026-09-17
case:54eec680d114,species:birds,involves,1,2026-09-17,2026-09-17
case:54eec680d114,location:linhares,occurred_at,1,2026-09-17,2026-09-17
location:linhares,location:espírito_santo,within,1,2026-09-17,2026-09-17
outlet:colatina_em_ação,case:54eec680d114,reported,1,2026-09-17,2026-09-17
case:18c7cfde3a79,species:elephant,involves,1,2026-09-16,2026-09-16
outlet:kdrtv,case:18c7cfde3a79,reported,1,2026-09-16,2026-09-16
case:90d3ead851bf,species:turtles,involves,1,2026-09-16,2026-09-16
case:90d3ead851bf,location:kuala_lumpur,occurred_at,1,2026-09-16,2026-09-16
outlet:kompas.com,case:90d3ead851bf,reported,1,2026-09-16,2026-09-16
outlet:kompas.com,case:31df77731c2b,reported,1,2026-09-16,2026-09-16
outlet:kompas.com,case:7dfb3179ae46,reported,2,2026-09-14,2026-09-14
case:31df77731c2b,species:turtles,involves,1,2026-09-16,2026-09-16
case:31df77731c2b,location:sorong,occurred_at,1,2026-09-16,2026-09-16
location:sorong,location:southwest_papua,within,1,2026-09-16,2026-09-16
case:5408614510b3,species:turtles,involves,1,2026-09-16,2026-09-16
case:5408614510b3,location:malang,occurred_at,1,2026-09-16,2026-09-16
location:malang,location:east_java,within,1,2026-09-16,2026-09-16
outlet:disway_malang,case:5408614510b3,reported,1,2026-09-16,2026-09-16
case:0f7f2779d5ee,species:turtles,involves,1,2026-09-16,2026-09-16
case:0f7f2779d5ee,location:purworejo,occurred_at,1,2026-09-16,2026-09-16
location:purworejo,location:central_java,within,1,2026-09-16,2026-09-16
outlet:radar_purworejo,case:0f7f2779d5ee,reported,1,2026-09-16,2026-09-16
case:aa1e17a28717,species:turtles,involves,1,2026-09-16,2026-09-16
case:aa1e17a28717,location:china,occurred_at,1,2026-09-16,2026-09-16
outlet:merdeka,case:aa1e17a28717,reported,1,2026-09-16,2026-09-16
case:375a257611f4,species:elephant,involves,1,2026-09-16,2026-09-16
case:375a257611f4,location:libreville,occurred_at,1,2026-09-16,2026-09-16
location:libreville,location:estuaire,within,1,2026-09-16,2026-09-16
outlet:gabonreview.com,case:375a257611f4,reported,1,2026-09-16,2026-09-16
case:76c70fb062a4,species:birds,involves,1,2026-09-16,2026-09-16
case:76c70fb062a4,location:miguel_pereira,occurred_at,1,2026-09-16,2026-09-16
location:miguel_pereira,location:rio_de_janeiro,within,1,2026-09-16,2026-09-16
outlet:g1,case:76c70fb062a4,reported,1,2026-09-16,2026-09-16
outlet:g1,case:8940e93f30c4,reported,2,2026-09-11,2026-09-11
outlet:g1,case:af8b610b667d,reported,1,2026-09-10,2026-09-10
outlet:g1,case:5210eac1c5f2,reported,1,2026-09-09,2026-09-09
case:e2ae0defe434,species:primates,involves,1,2026-09-15,2026-09-15
case:462b166cf0b4,species:turtles,involves,1,2026-09-15,2026-09-15
case:462b166cf0b4,location:belimbing,occurred_at,1,2026-09-15,2026-09-15
location:belimbing,location:south_kalimantan,within,1,2026-09-15,2026-09-15
outlet:viva.co.id,case:462b166cf0b4,reported,2,2026-09-15,2026-09-15
outlet:jawa_pos,case:462b166cf0b4,reported,1,2026-09-15,2026-09-15
case:4241398a9df2,species:primates,involves,1,2026-09-15,2026-09-15
outlet:times_now,case:4241398a9df2,reported,1,2026-09-15,2026-09-15
case:fdff665b3141,species:turtles,involves,1,2026-09-15,2026-09-15
case:fdff665b3141,location:makassar,occurred_at,1,2026-09-15,2026-09-15
location:makassar,location:south_sulawesi,within,1,2026-09-15,2026-09-15
outlet:antara_news,case:fdff665b3141,reported,1,2026-09-15,2026-09-15
outlet:antara_news,case:bf65ad933bd3,reported,1,2026-08-27,2026-08-27
outlet:kompas.id,case:fdff665b3141,reported,1,2026-09-15,2026-09-15
outlet:kompas.id,case:7dfb3179ae46,reported,2,2026-09-14,2026-09-14
outlet:metrotvnews.com,case:fdff665b3141,reported,1,2026-09-15,2026-09-15
outlet:suarasulsel.id,case:fdff665b3141,reported,1,2026-09-15,2026-09-15
outlet:tribun-timur.com,case:fdff665b3141,reported,2,2026-09-15,2026-09-15
outlet:cedarnews.net,case:fdff665b3141,reported,1,2026-09-15,2026-09-15
outlet:pdiperjuanganbali.id,case:fdff665b3141,reported,1,2026-09-15,2026-09-15
outlet:pdiperjuanganbali.id,case:7dfb3179ae46,reported,1,2026-09-14,2026-09-14
outlet:nusabali.com,case:fdff665b3141,reported,1,2026-09-15,2026-09-15
outlet:news.okezone.com,case:fdff665b3141,reported,1,2026-09-15,2026-09-15
outlet:afu.id,case:fdff665b3141,reported,1,2026-09-15,2026-09-15
outlet:sorongraya.co,case:fdff665b3141,reported,1,2026-09-15,2026-09-15
outlet:abatanews.com,case:fdff665b3141,reported,1,2026-09-15,2026-09-15
outlet:portal_papua,case:fdff665b3141,reported,1,2026-09-15,2026-09-15
outlet:tribun-sulbar.com,case:fdff665b3141,reported,1,2026-09-15,2026-09-15
outlet:idn_times,case:fdff665b3141,reported,1,2026-09-15,2026-09-15
outlet:inews.id,case:fdff665b3141,reported,2,2026-09-15,2026-09-15
outlet:inews.id,case:7dfb3179ae46,reported,1,2026-09-14,2026-09-14
case:247c1b7e48a9,species:eels,involves,1,2026-09-15,2026-09-15
outlet:ouest-france,case:247c1b7e48a9,reported,1,2026-09-15,2026-09-15
outlet:maville.com,case:247c1b7e48a9,reported,1,2026-09-15,2026-09-15
case:bdaf2b011a40,species:birds,involves,1,2026-09-15,2026-09-15
outlet:rbatv.com.br,case:bdaf2b011a40,reported,1,2026-09-15,2026-09-15
case:42c9b640b15d,species:birds,involves,1,2026-09-15,2026-09-15
case:42c9b640b15d,location:cruz_alta,occurred_at,1,2026-09-15,2026-09-15
location:cruz_alta,location:rio_grande_do_sul,within,1,2026-09-15,2026-09-15
outlet:rd_foco,case:42c9b640b15d,reported,1,2026-09-15,2026-09-15
outlet:carazinho_news,case:42c9b640b15d,reported,1,2026-09-15,2026-09-15
case:85d2392028ce,species:birds,involves,1,2026-09-15,2026-09-15
case:85d2392028ce,mode:online,via,1,2026-09-15,2026-09-15
outlet:tvbv_online,case:85d2392028ce,reported,1,2026-09-15,2026-09-15
case:0cb15ec18e39,species:rosewood,involves,1,2026-09-15,2026-09-15
case:0cb15ec18e39,location:trairão,occurred_at,1,2026-09-15,2026-09-15
location:trairão,location:pará,within,1,2026-09-15,2026-09-15
outlet:portalgurupi.com.br,case:0cb15ec18e39,reported,1,2026-09-15,2026-09-15
case:912a6be42942,species:primates,involves,1,2026-09-14,2026-09-14
case:912a6be42942,location:digha,occurred_at,1,2026-09-14,2026-09-14
location:digha,location:west_bengal,within,2,2026-09-12,2026-09-14
outlet:the_daily_jagran,case:912a6be42942,reported,1,2026-09-14,2026-09-14
case:f720ab255ab9,species:primates,involves,1,2026-09-14,2026-09-14
case:f720ab255ab9,location:jharkhand,occurred_at,1,2026-09-14,2026-09-14
outlet:argus_english,case:f720ab255ab9,reported,1,2026-09-14,2026-09-14
case:7dfb3179ae46,species:turtles,involves,1,2026-09-14,2026-09-14
case:7dfb3179ae46,location:raja_ampat,occurred_at,1,2026-09-14,2026-09-14
case:7dfb3179ae46,mode:online,via,1,2026-09-14,2026-09-14
location:raja_ampat,location:west_papua,within,1,2026-09-14,2026-09-14
outlet:cnn_indonesia,case:7dfb3179ae46,reported,1,2026-09-14,2026-09-14
outlet:reqnews.com,case:7dfb3179ae46,reported,1,2026-09-14,2026-09-14
outlet:dive_magazine,case:7dfb3179ae46,reported,1,2026-09-14,2026-09-14
outlet:detiknews,case:7dfb3179ae46,reported,1,2026-09-14,2026-09-14
outlet:detikcom,case:7dfb3179ae46,reported,3,2026-09-14,2026-09-14
outlet:detikcom,case:b0020dca9260,reported,1,2026-08-27,2026-08-27
outlet:detiktravel,case:7dfb3179ae46,reported,1,2026-09-14,2026-09-14
outlet:republika_online,case:7dfb3179ae46,reported,1,2026-09-14,2026-09-14
outlet:validnews.id,case:7dfb3179ae46,reported,1,2026-09-14,2026-09-14
outlet:kumparan.com,case:7dfb3179ae46,reported,1,2026-09-14,2026-09-14
outlet:beritasatu.com,case:7dfb3179ae46,reported,2,2026-09-14,2026-09-14
outlet:darilaut.id,case:7dfb3179ae46,reported,1,2026-09-14,2026-09-14
outlet:harapan_rakyat,case:7dfb3179ae46,reported,1,2026-09-14,2026-09-14
outlet:tribunstyle.com,case:7dfb3179ae46,reported,1,2026-09-14,2026-09-14
outlet:disway,case:7dfb3179ae46,reported,1,2026-09-14,2026-09-14
outlet:tribunnews.com,case:7dfb3179ae46,reported,1,2026-09-14,2026-09-14
outlet:sumsel.tribunnews.com,case:7dfb3179ae46,reported,1,2026-09-14,2026-09-14
outlet:ntvnews.id,case:7dfb3179ae46,reported,1,2026-09-14,2026-09-14
outlet:tribunkaltim.co,case:7dfb3179ae46,reported,1,2026-09-14,2026-09-14
outlet:video.tribunnews.com,case:7dfb3179ae46,reported,1,2026-09-14,2026-09-14
outlet:radarcirebon.tv,case:7dfb3179ae46,reported,1,2026-09-14,2026-09-14
outlet:tribunwow.com,case:7dfb3179ae46,reported,1,2026-09-14,2026-09-14
outlet:readers.id,case:7dfb3179ae46,reported,1,2026-09-14,2026-09-14
outlet:banjarnegaraku,case:7dfb3179ae46,reported,1,2026-09-14,2026-09-14
case:5186ec935866,species:elephant,involves,1,2026-09-14,2026-09-14
outlet:tf1_info,case:5186ec935866,reported,2,2026-09-14,2026-09-14
outlet:tf1+,case:5186ec935866,reported,1,2026-09-14,2026-09-14
case:7aad31d98610,species:turtles,involves,1,2026-09-14,2026-09-14
outlet:apnoticias.pe,case:7aad31d98610,reported,1,2026-09-14,2026-09-14
case:ea5886ff462e,species:turtles,involves,1,2026-09-14,2026-09-14
case:ea5886ff462e,location:guadalajara,occurred_at,1,2026-09-14,2026-09-14
location:guadalajara,location:jalisco,within,1,2026-09-14,2026-09-14
outlet:debate.com.mx,case:ea5886ff462e,reported,1,2026-09-14,2026-09-14
case:c942be9e44ec,species:pangolin,involves,1,2026-09-13,2026-09-13
case:c942be9e44ec,location:malkangiri,occurred_at,1,2026-09-13,2026-09-13
case:c942be9e44ec,commodity:pangolin-scales,seized,1,2026-09-13,2026-09-13
location:malkangiri,location:odisha,within,1,2026-09-13,2026-09-13
outlet:pragativadi.com,case:c942be9e44ec,reported,1,2026-09-13,2026-09-13
outlet:daily_pioneer,case:c942be9e44ec,reported,1,2026-09-13,2026-09-13
outlet:daily_pioneer,case:957aeb976ad1,reported,1,2026-09-08,2026-09-08
outlet:ommcom_news,case:c942be9e44ec,reported,1,2026-09-13,2026-09-13
outlet:ommcom_news,case:9316ece6cbf5,reported,1,2026-09-12,2026-09-12
outlet:ommcom_news,case:957aeb976ad1,reported,2,2026-09-08,2026-09-08
outlet:ommcom_news,case:e4e22dbe4be1,reported,2,2026-09-08,2026-09-08
outlet:hindustan,case:c942be9e44ec,reported,1,2026-09-13,2026-09-13
outlet:theprint_hindi,case:c942be9e44ec,reported,1,2026-09-13,2026-09-13
outlet:theprint_hindi,case:701a4c78d8e9,reported,1,2026-09-08,2026-09-08
case:5c2b96107f6a,species:turtles,involves,1,2026-09-13,2026-09-13
case:5c2b96107f6a,location:france,occurred_at,1,2026-09-13,2026-09-13
outlet:france_3_régions,case:5c2b96107f6a,reported,1,2026-09-13,2026-09-13
case:f1fd10087674,species:birds,involves,1,2026-09-13,2026-09-13
case:f48719f59515,species:turtles,involves,1,2026-09-12,2026-09-12
case:f48719f59515,commodity:turtles-tortoises,seized,1,2026-09-12,2026-09-12
outlet:newvision.co.ug,case:f48719f59515,reported,1,2026-09-12,2026-09-12
case:a453459d8c02,species:turtles,involves,1,2026-09-12,2026-09-12
case:a453459d8c02,location:rānchī,occurred_at,1,2026-09-12,2026-09-12
location:rānchī,location:jharkhand,within,1,2026-09-12,2026-09-12
case:4ca690784cf1,species:primates,involves,1,2026-09-12,2026-09-12
case:4ca690784cf1,location:digha,occurred_at,1,2026-09-12,2026-09-12
outlet:pragativadi,case:4ca690784cf1,reported,1,2026-09-12,2026-09-12
outlet:pragativadi,case:1841529c6d49,reported,1,2026-09-10,2026-09-10
outlet:pragativadi,case:e4e22dbe4be1,reported,3,2026-09-08,2026-09-08
case:9316ece6cbf5,species:primates,involves,1,2026-09-12,2026-09-12
agency:cbi,case:9316ece6cbf5,acted_in,1,2026-09-12,2026-09-12
agency:cbi,case:694398508595,acted_in,1,2026-08-28,2026-08-28
case:f85eb2a6adc5,species:elephant,involves,1,2026-09-12,2026-09-12
case:aac12945efc9,species:elephant,involves,1,2026-09-11,2026-09-11
case:aac12945efc9,location:kalimantan,occurred_at,1,2026-09-11,2026-09-11
case:aac12945efc9,mode:sea,via,1,2026-09-11,2026-09-11
outlet:borneo_bulletin,case:aac12945efc9,reported,1,2026-09-11,2026-09-11
case:89deb6940e75,species:birds,involves,1,2026-09-11,2026-09-11
case:8940e93f30c4,species:birds,involves,1,2026-09-11,2026-09-11
case:8940e93f30c4,location:caxias,occurred_at,1,2026-09-11,2026-09-11
location:caxias,location:maranhão,within,1,2026-09-11,2026-09-11
case:88dfdd3afa7e,species:turtles,involves,1,2026-09-11,2026-09-11
case:88dfdd3afa7e,location:bogotá,occurred_at,1,2026-09-11,2026-09-11
location:bogotá,location:bogota_d.c.,within,1,2026-09-11,2026-09-11
outlet:el_tiempo,case:88dfdd3afa7e,reported,1,2026-09-11,2026-09-11
case:35391baeb24e,species:tiger,involves,1,2026-09-10,2026-09-10
case:35391baeb24e,species:turtles,involves,1,2026-09-10,2026-09-10
case:35391baeb24e,commodity:tiger-tortoises,seized,1,2026-09-10,2026-09-10
case:35391baeb24e,commodity:turtles-tortoises,seized,1,2026-09-10,2026-09-10
agency:dri,case:35391baeb24e,acted_in,1,2026-09-10,2026-09-10
agency:dri,case:88dbf923de71,acted_in,1,2026-09-10,2026-09-10
agency:dri,case:701a4c78d8e9,acted_in,1,2026-09-08,2026-09-08
agency:dri,case:e4e22dbe4be1,acted_in,1,2026-09-08,2026-09-08
agency:dri,case:d36338c0ca13,acted_in,1,2026-09-08,2026-09-08
agency:dri,case:e3b507d09489,acted_in,1,2026-07-14,2026-07-14
outlet:moneycontrol.com,case:35391baeb24e,reported,2,2026-09-10,2026-09-10
outlet:moneycontrol.com,case:957aeb976ad1,reported,1,2026-09-08,2026-09-08
outlet:moneycontrol.com,case:84548637adad,reported,1,2026-08-17,2026-08-17
case:88dbf923de71,species:leopard,involves,1,2026-09-10,2026-09-10
case:88dbf923de71,species:tiger,involves,1,2026-09-10,2026-09-10
case:88dbf923de71,species:turtles,involves,1,2026-09-10,2026-09-10
outlet:republic_world,case:88dbf923de71,reported,1,2026-09-10,2026-09-10
case:677f09516d1e,species:elephant,involves,1,2026-09-10,2026-09-10
case:6f243fcd7adc,species:elephant,involves,1,2026-09-10,2026-09-10
case:6f243fcd7adc,location:singapore,occurred_at,1,2026-09-10,2026-09-10
case:6f243fcd7adc,mode:sea,via,1,2026-09-10,2026-09-10
outlet:yahoo,case:6f243fcd7adc,reported,1,2026-09-10,2026-09-10
outlet:malaymail.com,case:6f243fcd7adc,reported,1,2026-09-10,2026-09-10
outlet:the_independent_singapore,case:6f243fcd7adc,reported,1,2026-09-10,2026-09-10
case:849145a85e67,species:elephant,involves,1,2026-09-10,2026-09-10
case:849145a85e67,location:singapore,occurred_at,1,2026-09-10,2026-09-10
outlet:cna,case:849145a85e67,reported,1,2026-09-10,2026-09-10
case:34bed7aa8d11,species:birds,involves,1,2026-09-10,2026-09-10
case:34bed7aa8d11,location:bangladesh,occurred_at,1,2026-09-10,2026-09-10
case:34bed7aa8d11,commodity:birds-parakeets,seized,1,2026-09-10,2026-09-10
outlet:bangladesh_sangbad_sangstha_(bss),case:34bed7aa8d11,reported,1,2026-09-10,2026-09-10
case:177b3e8bc4af,species:leopard,involves,1,2026-09-10,2026-09-10
case:177b3e8bc4af,species:turtles,involves,1,2026-09-10,2026-09-10
case:177b3e8bc4af,location:sidhi,occurred_at,1,2026-09-10,2026-09-10
location:sidhi,location:madhya_pradesh,within,1,2026-09-10,2026-09-10
outlet:amar_ujala,case:177b3e8bc4af,reported,1,2026-09-10,2026-09-10
outlet:amar_ujala,case:5c160960fe73,reported,1,2026-09-01,2026-09-01
outlet:amar_ujala,case:9c9ea761d806,reported,1,2026-08-30,2026-08-30
outlet:amar_ujala,case:465fbe735b4e,reported,1,2026-08-27,2026-08-27
case:1841529c6d49,species:primates,involves,1,2026-09-10,2026-09-10
case:1841529c6d49,location:odisha,occurred_at,1,2026-09-10,2026-09-10
case:1ad7121b6d26,species:abalone,involves,1,2026-09-10,2026-09-10
outlet:novanews.co.za,case:1ad7121b6d26,reported,1,2026-09-10,2026-09-10
outlet:novanews.co.za,case:81e1ba4bfaf3,reported,1,2026-08-30,2026-08-30
case:d686eada9f2c,species:elephant,involves,1,2026-09-10,2026-09-10
case:14964ce4d82e,species:birds,involves,1,2026-09-10,2026-09-10
outlet:savoir_animal,case:14964ce4d82e,reported,1,2026-09-10,2026-09-10
case:af8b610b667d,species:birds,involves,1,2026-09-10,2026-09-10
case:0acaf7f37d0a,species:birds,involves,1,2026-09-10,2026-09-10
outlet:band.com.br,case:0acaf7f37d0a,reported,1,2026-09-10,2026-09-10
case:e4390ffa6eca,species:elephant,involves,1,2026-09-09,2026-09-09
case:e4390ffa6eca,location:tiruppur,occurred_at,1,2026-09-09,2026-09-09
location:tiruppur,location:tamil_nadu,within,1,2026-09-09,2026-09-09
outlet:the_hindu,case:e4390ffa6eca,reported,1,2026-09-09,2026-09-09
outlet:the_hindu,case:957aeb976ad1,reported,1,2026-09-08,2026-09-08
outlet:the_hindu,case:fe354cd25193,reported,1,2026-08-24,2026-08-24
case:a687444fdb7b,species:hornbill,involves,1,2026-09-09,2026-09-09
case:a687444fdb7b,species:primates,involves,1,2026-09-09,2026-09-09
case:a687444fdb7b,location:bangkok,occurred_at,1,2026-09-09,2026-09-09
outlet:bangkok_post,case:a687444fdb7b,reported,1,2026-09-09,2026-09-09
outlet:bangkok_post,case:d36fa7acdf40,reported,1,2026-09-07,2026-09-07
outlet:pattaya_mail,case:a687444fdb7b,reported,1,2026-09-09,2026-09-09
outlet:thaiger,case:a687444fdb7b,reported,1,2026-09-09,2026-09-09
case:aa20dadd1708,species:leopard,involves,1,2026-09-09,2026-09-09
case:aa20dadd1708,species:pangolin,involves,1,2026-09-09,2026-09-09
case:aa20dadd1708,species:turtles,involves,1,2026-09-09,2026-09-09
outlet:pib,case:aa20dadd1708,reported,1,2026-09-09,2026-09-09
outlet:pib,case:701a4c78d8e9,reported,1,2026-09-08,2026-09-08
case:9631a3ef3b77,species:eels,involves,1,2026-09-09,2026-09-09
outlet:dw.com,case:9631a3ef3b77,reported,1,2026-09-09,2026-09-09
outlet:dw.com,case:957aeb976ad1,reported,1,2026-09-08,2026-09-08
case:d536ff827a3a,species:turtles,involves,1,2026-09-09,2026-09-09
case:d536ff827a3a,location:madagascar,occurred_at,1,2026-09-09,2026-09-09
outlet:l'express_de_madagascar,case:d536ff827a3a,reported,1,2026-09-09,2026-09-09
case:9cc38636836d,species:birds,involves,1,2026-09-09,2026-09-09
case:9cc38636836d,location:vila_velha,occurred_at,1,2026-09-09,2026-09-09
case:9cc38636836d,mode:online,via,1,2026-09-09,2026-09-09
location:vila_velha,location:espírito_santo,within,1,2026-09-09,2026-09-09
outlet:tribuna_online,case:9cc38636836d,reported,1,2026-09-09,2026-09-09
outlet:folha_vitória,case:9cc38636836d,reported,1,2026-09-09,2026-09-09
case:5210eac1c5f2,species:rosewood,involves,1,2026-09-09,2026-09-09
case:d939f5ea5778,species:birds,involves,1,2026-09-09,2026-09-09
case:d939f5ea5778,location:san_juan,occurred_at,1,2026-09-09,2026-09-09
outlet:tiempo_de_san_juan,case:d939f5ea5778,reported,1,2026-09-09,2026-09-09
case:09e00f227a4f,species:rosewood,involves,1,2026-09-09,2026-09-09
case:09e00f227a4f,species:turtles,involves,1,2026-09-09,2026-09-09
outlet:newsmada,case:09e00f227a4f,reported,1,2026-09-09,2026-09-09
case:701a4c78d8e9,species:leopard,involves,1,2026-09-08,2026-09-08
case:701a4c78d8e9,species:pangolin,involves,1,2026-09-08,2026-09-08
case:701a4c78d8e9,species:tiger,involves,1,2026-09-08,2026-09-08
case:701a4c78d8e9,species:tokay_gecko,involves,1,2026-09-08,2026-09-08
case:701a4c78d8e9,species:turtles,involves,1,2026-09-08,2026-09-08
case:701a4c78d8e9,location:bengaluru,occurred_at,1,2026-09-08,2026-09-08
case:701a4c78d8e9,commodity:leopard-live,seized,1,2026-09-08,2026-09-08
case:701a4c78d8e9,commodity:pangolin-live,seized,1,2026-09-08,2026-09-08
case:701a4c78d8e9,commodity:tiger-live,seized,1,2026-09-08,2026-09-08
case:701a4c78d8e9,commodity:tokay_gecko-live,seized,1,2026-09-08,2026-09-08
case:701a4c78d8e9,commodity:turtles-live,seized,1,2026-09-08,2026-09-08
location:bengaluru,location:karnataka,within,1,2026-09-08,2026-09-08
outlet:deccan_herald,case:701a4c78d8e9,reported,1,2026-09-08,2026-09-08
outlet:deccan_herald,case:957aeb976ad1,reported,1,2026-09-08,2026-09-08
outlet:urbanacres.in,case:701a4c78d8e9,reported,1,2026-09-08,2026-09-08
outlet:orissadiary.com,case:701a4c78d8e9,reported,1,2026-09-08,2026-09-08
outlet:aninews.in,case:701a4c78d8e9,reported,1,2026-09-08,2026-09-08
outlet:the_news_mill,case:701a4c78d8e9,reported,1,2026-09-08,2026-09-08
outlet:the_news_mill,case:957aeb976ad1,reported,1,2026-09-08,2026-09-08
outlet:inshorts,case:701a4c78d8e9,reported,1,2026-09-08,2026-09-08
outlet:inshorts,case:72f9ebe1dce2,reported,1,2026-09-04,2026-09-04
outlet:theprint,case:701a4c78d8e9,reported,1,2026-09-08,2026-09-08
case:957aeb976ad1,species:primates,involves,1,2026-09-08,2026-09-08
case:957aeb976ad1,location:balasore,occurred_at,1,2026-09-08,2026-09-08
case:957aeb976ad1,mode:road,via,1,2026-09-08,2026-09-08
location:balasore,location:odisha,within,1,2026-09-08,2026-09-08
agency:coast_guard,case:957aeb976ad1,acted_in,1,2026-09-08,2026-09-08
agency:stf,case:957aeb976ad1,acted_in,1,2026-09-08,2026-09-08
agency:stf,case:f6af6b118c53,acted_in,1,2026-08-08,2026-08-08
agency:wccb,case:957aeb976ad1,acted_in,1,2026-09-08,2026-09-08
outlet:telegraph_india,case:957aeb976ad1,reported,6,2026-09-08,2026-09-08
outlet:etv_bharat,case:957aeb976ad1,reported,3,2026-09-08,2026-09-08
outlet:ians_live,case:957aeb976ad1,reported,1,2026-09-08,2026-09-08
outlet:ndtv,case:957aeb976ad1,reported,3,2026-09-08,2026-09-08
outlet:hindustantimes.com,case:957aeb976ad1,reported,1,2026-09-08,2026-09-08
outlet:bbc,case:957aeb976ad1,reported,2,2026-09-08,2026-09-08
outlet:devdiscourse,case:957aeb976ad1,reported,1,2026-09-08,2026-09-08
outlet:down_to_earth,case:957aeb976ad1,reported,1,2026-09-08,2026-09-08
outlet:free_press_kashmir,case:957aeb976ad1,reported,1,2026-09-08,2026-09-08
outlet:india_today,case:957aeb976ad1,reported,1,2026-09-08,2026-09-08
outlet:ani_news,case:957aeb976ad1,reported,1,2026-09-08,2026-09-08
outlet:dainik_tribune,case:957aeb976ad1,reported,1,2026-09-08,2026-09-08
outlet:the_guardian,case:957aeb976ad1,reported,1,2026-09-08,2026-09-08
outlet:global_news,case:957aeb976ad1,reported,1,2026-09-08,2026-09-08
outlet:odisha_reporter,case:957aeb976ad1,reported,2,2026-09-08,2026-09-08
outlet:newswav,case:957aeb976ad1,reported,1,2026-09-08,2026-09-08
outlet:kalinga_tv,case:957aeb976ad1,reported,1,2026-09-08,2026-09-08
outlet:my_city_links,case:957aeb976ad1,reported,1,2026-09-08,2026-09-08
outlet:deccan_chronicle,case:957aeb976ad1,reported,1,2026-09-08,2026-09-08
outlet:deccan_chronicle,case:72f9ebe1dce2,reported,1,2026-09-04,2026-09-04
outlet:deccan_chronicle,case:fa905202ee09,reported,1,2026-08-29,2026-08-29
outlet:deccan_chronicle,case:fe354cd25193,reported,1,2026-08-24,2026-08-24
outlet:organiser,case:957aeb976ad1,reported,1,2026-09-08,2026-09-08
outlet:opindia.com,case:957aeb976ad1,reported,1,2026-09-08,2026-09-08
outlet:free_press_journal,case:957aeb976ad1,reported,1,2026-09-08,2026-09-08
outlet:free_press_journal,case:694398508595,reported,1,2026-08-28,2026-08-28
outlet:latestly,case:957aeb976ad1,reported,1,2026-09-08,2026-09-08
outlet:orissapost.com,case:957aeb976ad1,reported,1,2026-09-08,2026-09-08
outlet:businessnewsthisweek.com,case:957aeb976ad1,reported,1,2026-09-08,2026-09-08
outlet:prameyanews.com,case:957aeb976ad1,reported,1,2026-09-08,2026-09-08
outlet:prameyanews.com,case:e4e22dbe4be1,reported,1,2026-09-08,2026-09-08
outlet:adda247,case:957aeb976ad1,reported,1,2026-09-08,2026-09-08
case:e4e22dbe4be1,species:leopard,involves,1,2026-09-08,2026-09-08
case:e4e22dbe4be1,location:nuapada,occurred_at,1,2026-09-08,2026-09-08
case:e4e22dbe4be1,mode:road,via,1,2026-09-08,2026-09-08
case:e4e22dbe4be1,commodity:leopard-skins,seized,1,2026-09-08,2026-09-08
location:nuapada,location:odisha,within,2,2026-08-24,2026-09-08
case:d36338c0ca13,species:leopard,involves,1,2026-09-08,2026-09-08
case:d36338c0ca13,location:gujarat,occurred_at,1,2026-09-08,2026-09-08
case:309716423f15,species:birds,involves,1,2026-09-08,2026-09-08
outlet:nsc_total,case:309716423f15,reported,1,2026-09-08,2026-09-08
case:80378a06668d,species:turtles,involves,1,2026-09-08,2026-09-08
case:80378a06668d,location:san_miguel,occurred_at,1,2026-09-08,2026-09-08
location:san_miguel,location:san_miguel_department,within,1,2026-09-08,2026-09-08
outlet:meganoticias,case:80378a06668d,reported,1,2026-09-08,2026-09-08
outlet:chilevision.cl,case:80378a06668d,reported,1,2026-09-08,2026-09-08
outlet:chicureo_hoy,case:80378a06668d,reported,1,2026-09-08,2026-09-08
case:9e45e43c1fa8,species:turtles,involves,1,2026-09-08,2026-09-08
outlet:diarioextra.com,case:9e45e43c1fa8,reported,1,2026-09-08,2026-09-08
case:f568f8352fa5,species:elephant,involves,1,2026-09-07,2026-09-07
case:f568f8352fa5,location:mangochi,occurred_at,1,2026-09-07,2026-09-07
location:mangochi,location:southern_region,within,1,2026-09-07,2026-09-07
outlet:malawi24,case:f568f8352fa5,reported,1,2026-09-07,2026-09-07
case:6e8a8d6ee24d,species:elephant,involves,1,2026-09-07,2026-09-07
case:6e8a8d6ee24d,location:idukki,occurred_at,1,2026-09-07,2026-09-07
location:idukki,location:kerala,within,1,2026-09-07,2026-09-07
outlet:onmanorama,case:6e8a8d6ee24d,reported,1,2026-09-07,2026-09-07
case:d36fa7acdf40,species:rosewood,involves,1,2026-09-07,2026-09-07
case:d36fa7acdf40,location:chiang_rai,occurred_at,1,2026-09-07,2026-09-07
case:d36fa7acdf40,commodity:rosewood-logs,seized,1,2026-09-07,2026-09-07
case:b996481570b9,species:tokay_gecko,involves,1,2026-09-05,2026-09-05
case:b996481570b9,location:sonitpur,occurred_at,1,2026-09-05,2026-09-05
case:b996481570b9,commodity:tokay_gecko-geckos,seized,1,2026-09-05,2026-09-05
location:sonitpur,location:assam,within,1,2026-09-05,2026-09-05
case:52fd05f92132,species:tiger,involves,1,2026-09-05,2026-09-05
case:52fd05f92132,location:shahdol,occurred_at,1,2026-09-05,2026-09-05
location:shahdol,location:madhya_pradesh,within,1,2026-09-05,2026-09-05
case:87fa54aada29,species:musk_deer,involves,1,2026-09-05,2026-09-05
case:87fa54aada29,location:sorab,occurred_at,1,2026-09-05,2026-09-05
location:sorab,location:karnataka,within,1,2026-09-05,2026-09-05
outlet:dainik_bhaskar,case:87fa54aada29,reported,1,2026-09-05,2026-09-05
outlet:dainik_bhaskar,case:de9db9b69f27,reported,1,2026-09-03,2026-09-03
outlet:dainik_bhaskar,case:d2b5a415883b,reported,1,2026-08-29,2026-08-29
outlet:dainik_bhaskar,case:43c313088957,reported,1,2026-08-27,2026-08-27
case:4efc6026cfab,species:birds,involves,1,2026-09-05,2026-09-05
outlet:portal_o_dia,case:4efc6026cfab,reported,1,2026-09-05,2026-09-05
case:72f9ebe1dce2,species:red_sanders,involves,1,2026-09-04,2026-09-04
case:72f9ebe1dce2,location:nellore,occurred_at,1,2026-09-04,2026-09-04
case:72f9ebe1dce2,commodity:red_sanders-logs,seized,1,2026-09-04,2026-09-04
location:nellore,location:andhra_pradesh,within,1,2026-09-04,2026-09-04
case:495fdecef89b,species:elephant,involves,1,2026-09-04,2026-09-04
case:495fdecef89b,location:ébolowa,occurred_at,1,2026-09-04,2026-09-04
location:ébolowa,location:south,within,1,2026-09-04,2026-09-04
outlet:actu_cameroun,case:495fdecef89b,reported,1,2026-09-04,2026-09-04
case:de9db9b69f27,species:birds,involves,1,2026-09-03,2026-09-03
case:de9db9b69f27,location:kushinagar,occurred_at,1,2026-09-03,2026-09-03
location:kushinagar,location:uttar_pradesh,within,1,2026-09-03,2026-09-03
case:6c2dcbfa575d,species:pangolin,involves,1,2026-09-03,2026-09-03
case:6c2dcbfa575d,location:botswana,occurred_at,1,2026-09-03,2026-09-03
case:cc9b47c1b241,species:elephant,involves,1,2026-09-03,2026-09-03
case:cc9b47c1b241,location:vietnam,occurred_at,1,2026-09-03,2026-09-03
case:cc9b47c1b241,commodity:elephant-tons,seized,1,2026-09-03,2026-09-03
outlet:news_-_mongabay,case:cc9b47c1b241,reported,1,2026-09-03,2026-09-03
case:99158f51e74b,species:elephant,involves,1,2026-09-03,2026-09-03
case:ba6cbd60ac05,species:elephant,involves,1,2026-09-02,2026-09-02
case:ba6cbd60ac05,species:pangolin,involves,1,2026-09-02,2026-09-02
case:ba6cbd60ac05,location:cuamba,occurred_at,1,2026-09-02,2026-09-02
location:cuamba,location:niassa_province,within,1,2026-09-02,2026-09-02
outlet:club_of_mozambique,case:ba6cbd60ac05,reported,1,2026-09-02,2026-09-02
case:9d22005442c6,species:birds,involves,1,2026-09-02,2026-09-02
outlet:rca1.com.br,case:9d22005442c6,reported,1,2026-09-02,2026-09-02
case:cd474874ff08,species:pangolin,involves,1,2026-09-01,2026-09-01
case:cd474874ff08,location:india,occurred_at,1,2026-09-01,2026-09-01
case:5c160960fe73,species:turtles,involves,1,2026-09-01,2026-09-01
case:5c160960fe73,location:una,occurred_at,1,2026-09-01,2026-09-01
location:una,location:himachal_pradesh,within,1,2026-09-01,2026-09-01
case:90de4de096d3,species:abalone,involves,1,2026-09-01,2026-09-01
case:90de4de096d3,location:namibia,occurred_at,1,2026-09-01,2026-09-01
outlet:wansom.ai,case:90de4de096d3,reported,1,2026-09-01,2026-09-01
case:c69b0c6e888d,species:turtles,involves,1,2026-08-31,2026-08-31
case:c69b0c6e888d,location:dharamsala,occurred_at,1,2026-08-31,2026-08-31
case:c69b0c6e888d,mode:road,via,1,2026-08-31,2026-08-31
location:dharamsala,location:himachal_pradesh,within,1,2026-08-31,2026-08-31
case:109cd30ac223,species:birds,involves,1,2026-08-31,2026-08-31
case:109cd30ac223,location:águas_claras,occurred_at,1,2026-08-31,2026-08-31
location:águas_claras,location:federal_district,within,1,2026-08-31,2026-08-31
outlet:bahia_notícias,case:109cd30ac223,reported,1,2026-08-31,2026-08-31
outlet:acorda_cidade,case:109cd30ac223,reported,1,2026-08-31,2026-08-31
case:572e58d74912,species:birds,involves,1,2026-08-31,2026-08-31
outlet:el_sol_de_méxico,case:572e58d74912,reported,1,2026-08-31,2026-08-31
case:81e1ba4bfaf3,species:pangolin,involves,1,2026-08-30,2026-08-30
case:81e1ba4bfaf3,location:limpopo,occurred_at,1,2026-08-30,2026-08-30
outlet:the_south_african,case:81e1ba4bfaf3,reported,1,2026-08-30,2026-08-30
outlet:the_south_african,case:2c361c4b5adb,reported,1,2026-08-29,2026-08-29
outlet:briefly_news,case:81e1ba4bfaf3,reported,1,2026-08-30,2026-08-30
outlet:african_insider,case:81e1ba4bfaf3,reported,1,2026-08-30,2026-08-30
case:9c9ea761d806,species:leopard,involves,1,2026-08-30,2026-08-30
case:fa905202ee09,species:monitor_lizard,involves,1,2026-08-29,2026-08-29
case:fa905202ee09,location:pudukkottai,occurred_at,1,2026-08-29,2026-08-29
location:pudukkottai,location:tamil_nadu,within,1,2026-08-29,2026-08-29
outlet:deccanchronicle.com,case:fa905202ee09,reported,1,2026-08-29,2026-08-29
outlet:deccanchronicle.com,case:f6af6b118c53,reported,1,2026-08-08,2026-08-08
case:2c361c4b5adb,species:pangolin,involves,1,2026-08-29,2026-08-29
case:2c361c4b5adb,location:botswana,occurred_at,1,2026-08-29,2026-08-29
case:d2b5a415883b,species:pangolin,involves,1,2026-08-29,2026-08-29
case:d2b5a415883b,location:kānker,occurred_at,1,2026-08-29,2026-08-29
location:kānker,location:chhattisgarh,within,1,2026-08-29,2026-08-29
case:694398508595,species:tiger,involves,1,2026-08-28,2026-08-28
case:694398508595,location:chhattisgarh,occurred_at,1,2026-08-28,2026-08-28
outlet:freepressjournal.in,case:694398508595,reported,1,2026-08-28,2026-08-28
outlet:freepressjournal.in,case:f6af6b118c53,reported,1,2026-08-08,2026-08-08
case:0097982baf54,species:pangolin,involves,1,2026-08-28,2026-08-28
case:0097982baf54,location:hanūr,occurred_at,1,2026-08-28,2026-08-28
location:hanūr,location:karnataka,within,1,2026-08-28,2026-08-28
case:8349ac620b23,species:red_sanders,involves,1,2026-08-28,2026-08-28
case:8349ac620b23,location:tirupati,occurred_at,1,2026-08-28,2026-08-28
location:tirupati,location:andhra_pradesh,within,2,2026-07-25,2026-08-28
case:29fba182737a,species:monitor_lizard,involves,1,2026-08-28,2026-08-28
case:29fba182737a,location:chākan,occurred_at,1,2026-08-28,2026-08-28
location:chākan,location:maharashtra,within,1,2026-08-28,2026-08-28
outlet:navbharat_times,case:29fba182737a,reported,1,2026-08-28,2026-08-28
case:6b88c1522c60,species:turtles,involves,1,2026-08-28,2026-08-28
outlet:nd_mais,case:6b88c1522c60,reported,1,2026-08-28,2026-08-28
outlet:nd_mais,case:b396dc8f3f6b,reported,1,2026-08-24,2026-08-24
case:610f88e2d8cd,species:primates,involves,1,2026-08-28,2026-08-28
outlet:diario_cambio22,case:610f88e2d8cd,reported,1,2026-08-28,2026-08-28
case:bf65ad933bd3,species:pangolin,involves,1,2026-08-27,2026-08-27
case:bf65ad933bd3,location:indonesia,occurred_at,1,2026-08-27,2026-08-27
case:73938a976378,species:monitor_lizard,involves,1,2026-08-27,2026-08-27
case:73938a976378,location:chhattisgarh,occurred_at,1,2026-08-27,2026-08-27
case:73938a976378,mode:online,via,1,2026-08-27,2026-08-27
outlet:hindustan_times,case:73938a976378,reported,1,2026-08-27,2026-08-27
outlet:hindustan_times,case:4a3eeb399e57,reported,1,2026-08-24,2026-08-24
case:8af70a535b32,species:turtles,involves,1,2026-08-27,2026-08-27
case:8af70a535b32,location:india,occurred_at,1,2026-08-27,2026-08-27
case:ff4d629d2103,species:leopard,involves,1,2026-08-27,2026-08-27
case:ff4d629d2103,location:india,occurred_at,1,2026-08-27,2026-08-27
case:465fbe735b4e,species:owl,involves,1,2026-08-27,2026-08-27
case:43c313088957,species:owl,involves,1,2026-08-27,2026-08-27
case:43c313088957,location:agra,occurred_at,1,2026-08-27,2026-08-27
location:agra,location:uttar_pradesh,within,1,2026-08-27,2026-08-27
case:b0020dca9260,species:pangolin,involves,1,2026-08-27,2026-08-27
case:b0020dca9260,location:pontianak,occurred_at,1,2026-08-27,2026-08-27
case:b0020dca9260,commodity:pangolin-ton,seized,1,2026-08-27,2026-08-27
location:pontianak,location:west_kalimantan,within,1,2026-08-27,2026-08-27
case:a035fc64d51a,species:birds,involves,1,2026-08-27,2026-08-27
outlet:infobae,case:a035fc64d51a,reported,1,2026-08-27,2026-08-27
case:6774353051b8,species:jaguar,involves,1,2026-08-27,2026-08-27
case:6774353051b8,location:la_paz,occurred_at,1,2026-08-27,2026-08-27
location:la_paz,location:baja_california_sur,within,1,2026-08-27,2026-08-27
outlet:eju.tv,case:6774353051b8,reported,1,2026-08-27,2026-08-27
case:0a82197da991,species:elephant,involves,1,2026-08-26,2026-08-26
outlet:icilome,case:0a82197da991,reported,1,2026-08-26,2026-08-26
case:e596be6f81dd,species:elephant,involves,1,2026-08-26,2026-08-26
outlet:periódico_correo,case:e596be6f81dd,reported,1,2026-08-26,2026-08-26
case:5fe6f830c62a,species:abalone,involves,1,2026-08-25,2026-08-25
outlet:iol,case:5fe6f830c62a,reported,1,2026-08-25,2026-08-25
case:6d17e8762fe9,species:elephant,involves,1,2026-08-25,2026-08-25
case:e32f00890986,species:birds,involves,1,2026-08-25,2026-08-25
case:fe354cd25193,species:leopard,involves,1,2026-08-24,2026-08-24
case:fe354cd25193,location:bhadradri_kothagudem,occurred_at,1,2026-08-24,2026-08-24
case:fe354cd25193,commodity:leopard-claws,seized,1,2026-08-24,2026-08-24
location:bhadradri_kothagudem,location:telangana,within,1,2026-08-24,2026-08-24
outlet:thehindu.com,case:fe354cd25193,reported,1,2026-08-24,2026-08-24
outlet:thehindu.com,case:5000cf277849,reported,1,2026-07-30,2026-07-30
outlet:thehindu.com,case:c172f3d8fdd3,reported,1,2026-07-30,2026-07-30
outlet:thehindu.com,case:a6d2d60bf053,reported,1,2026-07-28,2026-07-28
outlet:thehindu.com,case:6cb2c69f6264,reported,1,2026-07-26,2026-07-26
outlet:thehindu.com,case:70d31eee5577,reported,1,2026-07-25,2026-07-25
outlet:thehindu.com,case:5543e8a112f4,reported,1,2026-07-23,2026-07-23
outlet:telangana_today,case:fe354cd25193,reported,1,2026-08-24,2026-08-24
case:4a3eeb399e57,species:pangolin,involves,1,2026-08-24,2026-08-24
case:4a3eeb399e57,location:nuapada,occurred_at,1,2026-08-24,2026-08-24
case:5641330d79f7,species:pangolin,involves,1,2026-08-24,2026-08-24
case:5641330d79f7,location:india,occurred_at,1,2026-08-24,2026-08-24
case:53e8606aaa33,species:rhino,involves,1,2026-08-24,2026-08-24
outlet:the_citizen,case:53e8606aaa33,reported,1,2026-08-24,2026-08-24
case:b396dc8f3f6b,species:turtles,involves,1,2026-08-24,2026-08-24
case:faee9c7e7ec3,species:tokay_gecko,involves,1,2026-08-21,2026-08-21
case:faee9c7e7ec3,location:kaziranga,occurred_at,1,2026-08-21,2026-08-21
location:kaziranga,location:assam,within,1,2026-08-21,2026-08-21
case:84548637adad,species:leopard,involves,1,2026-08-17,2026-08-17
case:84548637adad,location:delhi,occurred_at,1,2026-08-17,2026-08-17
case:4d5d173efcb5,species:elephant,involves,1,2026-08-14,2026-08-14
case:4d5d173efcb5,location:vietnam,occurred_at,1,2026-08-14,2026-08-14
case:4d5d173efcb5,commodity:elephant-tonnes,seized,1,2026-08-14,2026-08-14
outlet:africanews.com,case:4d5d173efcb5,reported,1,2026-08-14,2026-08-14
case:f6af6b118c53,species:elephant,involves,1,2026-08-08,2026-08-08
case:f6af6b118c53,location:assam,occurred_at,1,2026-08-08,2026-08-08
case:f6af6b118c53,commodity:elephant-tusks,seized,1,2026-08-08,2026-08-08
case:9e87b5560889,species:pangolin,involves,1,2026-08-05,2026-08-05
agency:customs,case:9e87b5560889,acted_in,1,2026-08-05,2026-08-05
outlet:dailypost.ng,case:9e87b5560889,reported,1,2026-08-05,2026-08-05
case:5000cf277849,species:red_sanders,involves,1,2026-07-30,2026-07-30
case:5000cf277849,location:arakkonam,occurred_at,1,2026-07-30,2026-07-30
location:arakkonam,location:tamil_nadu,within,1,2026-07-30,2026-07-30
case:c172f3d8fdd3,species:elephant,involves,1,2026-07-30,2026-07-30
case:c172f3d8fdd3,location:nilgiris,occurred_at,1,2026-07-30,2026-07-30
location:nilgiris,location:tamil_nadu,within,1,2026-07-30,2026-07-30
case:ed825c5c33c7,species:pangolin,involves,1,2026-07-29,2026-07-29
case:ed825c5c33c7,location:indonesia,occurred_at,1,2026-07-29,2026-07-29
outlet:thestar.com.my,case:ed825c5c33c7,reported,1,2026-07-29,2026-07-29
outlet:thejakartapost.com,case:ed825c5c33c7,reported,1,2026-07-29,2026-07-29
case:a6d2d60bf053,species:elephant,involves,1,2026-07-28,2026-07-28
case:a6d2d60bf053,location:kāsaragod,occurred_at,1,2026-07-28,2026-07-28
location:kāsaragod,location:kerala,within,1,2026-07-28,2026-07-28
agency:crime_branch,case:a6d2d60bf053,acted_in,1,2026-07-28,2026-07-28
case:6cb2c69f6264,species:elephant,involves,1,2026-07-26,2026-07-26
case:70d31eee5577,species:red_sanders,involves,1,2026-07-25,2026-07-25
case:70d31eee5577,location:tirupati,occurred_at,1,2026-07-25,2026-07-25
outlet:newindianexpress.com,case:70d31eee5577,reported,1,2026-07-25,2026-07-25
case:5543e8a112f4,species:red_sanders,involves,1,2026-07-23,2026-07-23
case:4905e5accad1,species:pangolin,involves,1,2026-07-21,2026-07-21
outlet:news.mongabay.com,case:4905e5accad1,reported,1,2026-07-21,2026-07-21
case:e2a9c82ac5fd,species:elephant,involves,1,2026-07-20,2026-07-20
outlet:faceofmalawi.com,case:e2a9c82ac5fd,reported,1,2026-07-20,2026-07-20
case:ad352b7d4345,species:monitor_lizard,involves,1,2026-07-18,2026-07-18
case:ad352b7d4345,location:pāonta_sāhib,occurred_at,1,2026-07-18,2026-07-18
case:ad352b7d4345,commodity:monitor_lizard-lizards,seized,1,2026-07-18,2026-07-18
location:pāonta_sāhib,location:himachal_pradesh,within,1,2026-07-18,2026-07-18
outlet:tribuneindia.com,case:ad352b7d4345,reported,1,2026-07-18,2026-07-18
case:e3b507d09489,species:elephant,involves,1,2026-07-14,2026-07-14
outlet:rediff.com,case:e3b507d09489,reported,1,2026-07-14,2026-07-14
case:564657fe2077,species:elephant,involves,1,2026-07-05,2026-07-05
outlet:lankanewspapers.com,case:564657fe2077,reported,1,2026-07-05,2026-07-05
case:b7444bd4a007,species:rhino,involves,1,2026-06-30,2026-06-30
case:b7444bd4a007,location:sonapur,occurred_at,1,2026-06-30,2026-06-30
case:b7444bd4a007,commodity:rhino-g,seized,1,2026-06-30,2026-06-30
location:sonapur,location:assam,within,1,2026-06-30,2026-06-30
case:6d3ec018cdd3,species:elephant,involves,1,2026-06-27,2026-06-27
case:6d3ec018cdd3,location:south_africa,occurred_at,1,2026-06-27,2026-06-27
outlet:nyasatimes.com,case:6d3ec018cdd3,reported,1,2026-06-27,2026-06-27
case:8228dbdab2da,species:elephant,involves,1,2026-06-27,2026-06-27
case:8228dbdab2da,location:malawi,occurred_at,1,2026-06-27,2026-06-27
outlet:malawivoice.com,case:8228dbdab2da,reported,1,2026-06-27,2026-06-27
case:7a6584e99566,species:elephant,involves,1,2026-06-26,2026-06-26
case:7a6584e99566,location:malawi,occurred_at,1,2026-06-26,2026-06-26
outlet:maravipost.com,case:7a6584e99566,reported,1,2026-06-26,2026-06-26
